,No_Die,Ox_Chamber,photo_soft_Chamber,lithography_Chamber,Etching_Chamber,Chamber_Num,Sum,Target
0,NOLSM574227,1,1,1,1,1,11111,45
1,NOLSM326132,1,1,1,1,1,11111,55
2,NOLSM7177,1,1,1,1,1,11111,97
3,NOLSM4144,1,1,1,1,1,11111,117
4,NOLSM733284733,1,1,1,1,1,11111,132
5,NOLSM1111,1,1,1,1,1,11111,96
6,NOLSM5232010,1,1,1,1,1,11111,204
7,NOLSM6742526,1,1,1,1,1,11111,66
8,NOLSM730281730,1,1,1,1,1,11111,48
9,NOLSM7232721,1,1,1,1,1,11111,108
10,NOLSM275115,1,1,1,1,1,11111,39
11,NOLSM4721813,1,1,1,1,1,11111,54
12,NOLSM176714,1,1,1,1,1,11111,112
13,NOLSM487191487,1,1,1,1,1,11111,51
14,NOLSM490194490,1,1,1,1,1,11111,117
15,NOLSM8233113,1,1,1,1,1,11111,45
16,NOLSM493197493,1,1,1,1,1,11111,93
17,NOLSM22599,1,1,1,1,1,11111,106
18,NOLSM736287736,1,1,1,1,1,11111,123
19,NOLSM124516,1,1,1,1,1,11111,94
20,NOLSM3761425,1,1,1,1,1,11111,74
21,NOLSM75321,1,1,1,1,1,11111,113
22,NOLSM250107250,1,1,1,1,1,11111,100
23,NOLSM7752919,1,1,1,1,1,11111,60
24,NOLSM626245,1,1,1,1,1,11111,81
25,NOLSM247104247,1,1,1,1,1,11111,82
26,NOLSM27127,1,1,1,1,1,11111,146
27,NOLSM4251620,1,1,1,1,1,11111,148
28,NOLSM244101244,1,1,1,1,1,11111,97
29,NOLSM491195491,1,1,1,2,2,11122,48
30,NOLSM488192488,1,1,1,2,2,11122,27
31,NOLSM251108251,1,1,1,2,2,11122,102
32,NOLSM248105248,1,1,1,2,2,11122,24
33,NOLSM731282731,1,1,1,2,2,11122,15
34,NOLSM2122,1,1,1,2,2,11122,102
35,NOLSM494198494,1,1,1,2,2,11122,75
36,NOLSM5155,1,1,1,2,2,11122,143
37,NOLSM734285734,1,1,1,2,2,11122,156
38,NOLSM8188,1,1,1,2,2,11122,92
39,NOLSM737288737,1,1,1,2,2,11122,99
40,NOLSM245102245,1,1,1,2,2,11122,105
41,NOLSM250107,1,1,1,3,3,11133,100
42,NOLSM7502821,1,1,1,3,3,11133,114
43,NOLSM4001522,1,1,1,3,3,11133,88
44,NOLSM489193489,1,1,1,3,3,11133,51
45,NOLSM4491717,1,1,1,3,3,11133,78
46,NOLSM352141,1,1,1,3,3,11133,90
47,NOLSM252109252,1,1,1,3,3,11133,62
48,NOLSM738289738,1,1,1,3,3,11133,192
49,NOLSM249106249,1,1,1,3,3,11133,229
50,NOLSM735286735,1,1,1,3,3,11133,117
51,NOLSM732283732,1,1,1,3,3,11133,90
52,NOLSM201812,1,1,1,3,3,11133,92
53,NOLSM246103246,1,1,1,3,3,11133,164
54,NOLSM492196492,1,1,1,3,3,11133,57
55,NOLSM7993016,1,1,1,3,3,11133,15
56,NOLSM9199,1,1,1,3,3,11133,86
57,NOLSM6166,1,1,1,3,3,11133,49
58,NOLSM3133,1,1,1,3,3,11133,95
59,NOLSM495199495,1,1,1,3,3,11133,45
60,NOLSM111,1,1,1,3,3,11133,96
61,NOLSM151616,1,1,1,3,3,11133,68
62,NOLSM6482427,1,1,1,3,3,11133,15
63,NOLSM300123,1,1,1,3,3,11133,75
64,NOLSM99418,1,1,1,3,3,11133,201
65,NOLSM6992624,1,1,1,3,3,11133,105
66,NOLSM549219,1,1,1,3,3,11133,69
67,NOLSM600236,1,1,1,3,3,11133,180
68,NOLSM52225,1,1,1,3,3,11133,94
69,NOLSM8493212,1,1,1,3,3,11133,42
70,NOLSM4981912,1,1,1,3,3,11133,126
71,NOLSM7422813742,1,1,2,1,1,11211,117
72,NOLSM2531010253,1,1,2,1,1,11211,54
73,NOLSM2561013256,1,1,2,1,1,11211,48
74,NOLSM2591016259,1,1,2,1,1,11211,230
75,NOLSM7452816745,1,1,2,1,1,11211,138
76,NOLSM7392810739,1,1,2,1,1,11211,72
77,NOLSM4961910496,1,1,2,1,1,11211,96
78,NOLSM1611616,1,1,2,1,1,11211,124
79,NOLSM5021916502,1,1,2,1,1,11211,216
80,NOLSM4991913499,1,1,2,1,1,11211,153
81,NOLSM1011010,1,1,2,1,1,11211,102
82,NOLSM1311313,1,1,2,1,1,11211,89
83,NOLSM2601017260,1,1,2,2,2,11222,124
84,NOLSM251108,1,1,2,2,2,11222,102
85,NOLSM2571014257,1,1,2,2,2,11222,15
86,NOLSM4971911497,1,1,2,2,2,11222,207
87,NOLSM7002625,1,1,2,2,2,11222,150
88,NOLSM2541011254,1,1,2,2,2,11222,84
89,NOLSM53226,1,1,2,2,2,11222,114
90,NOLSM575228,1,1,2,2,2,11222,39
91,NOLSM2821,1,1,2,2,2,11222,91
92,NOLSM5031917503,1,1,2,2,2,11222,216
93,NOLSM601237,1,1,2,2,2,11222,63
94,NOLSM5502110,1,1,2,2,2,11222,99
95,NOLSM4011523,1,1,2,2,2,11222,79
96,NOLSM5001914500,1,1,2,2,2,11222,156
97,NOLSM7402811740,1,1,2,2,2,11222,57
98,NOLSM100419,1,1,2,2,2,11222,110
99,NOLSM1111111,1,1,2,2,2,11222,72
100,NOLSM7432814743,1,1,2,2,2,11222,81
101,NOLSM1411414,1,1,2,2,2,11222,104
102,NOLSM7462817746,1,1,2,2,2,11222,171
103,NOLSM649251,1,1,2,2,2,11222,42
104,NOLSM202813,1,1,2,2,2,11222,113
105,NOLSM152617,1,1,2,2,2,11222,83
106,NOLSM1711717,1,1,2,2,2,11222,71
107,NOLSM7512822,1,1,2,2,2,11222,114
108,NOLSM212,1,1,2,2,2,11222,102
109,NOLSM125517,1,1,2,2,2,11222,89
110,NOLSM226910,1,1,2,2,2,11222,96
111,NOLSM7242722,1,1,2,2,2,11222,96
112,NOLSM7762920,1,1,2,2,2,11222,27
113,NOLSM5242011,1,1,2,2,2,11222,18
114,NOLSM4991913,1,1,2,2,2,11222,153
115,NOLSM4731814,1,1,2,2,2,11222,87
116,NOLSM327133,1,1,2,2,2,11222,96
117,NOLSM276116,1,1,2,2,2,11222,70
118,NOLSM353142,1,1,2,2,2,11222,117
119,NOLSM301124,1,1,2,2,2,11222,153
120,NOLSM8243114,1,1,2,2,2,11222,66
121,NOLSM8003017,1,1,2,2,2,11222,9
122,NOLSM8503213,1,1,2,2,2,11222,42
123,NOLSM3771426,1,1,2,2,2,11222,83
124,NOLSM2551012255,1,1,2,3,3,11233,30
125,NOLSM7412812741,1,1,2,3,3,11233,129
126,NOLSM7442815744,1,1,2,3,3,11233,144
127,NOLSM4981912498,1,1,2,3,3,11233,126
128,NOLSM7472818747,1,1,2,3,3,11233,129
129,NOLSM5011915501,1,1,2,3,3,11233,180
130,NOLSM2581015258,1,1,2,3,3,11233,115
131,NOLSM5041918504,1,1,2,3,3,11233,399
132,NOLSM2611018261,1,1,2,3,3,11233,142
133,NOLSM1211212,1,1,2,3,3,11233,215
134,NOLSM1511515,1,1,2,3,3,11233,116
135,NOLSM1811818,1,1,2,3,3,11233,83
136,NOLSM2651022265,1,1,3,1,1,11311,80
137,NOLSM4021524,1,1,3,1,1,11311,92
138,NOLSM7012626,1,1,3,1,1,11311,156
139,NOLSM101420,1,1,3,1,1,11311,102
140,NOLSM5051919505,1,1,3,1,1,11311,18
141,NOLSM5111925511,1,1,3,1,1,11311,18
142,NOLSM5081922508,1,1,3,1,1,11311,9
143,NOLSM5001914,1,1,3,1,1,11311,156
144,NOLSM2681025268,1,1,3,1,1,11311,52
145,NOLSM5512111,1,1,3,1,1,11311,108
146,NOLSM302125,1,1,3,1,1,11311,29
147,NOLSM2212222,1,1,3,1,1,11311,99
148,NOLSM54227,1,1,3,1,1,11311,157
149,NOLSM7522823,1,1,3,1,1,11311,117
150,NOLSM4501718,1,1,3,1,1,11311,69
151,NOLSM203814,1,1,3,1,1,11311,192
152,NOLSM252109,1,1,3,1,1,11311,62
153,NOLSM8013018,1,1,3,1,1,11311,57
154,NOLSM1911919,1,1,3,1,1,11311,95
155,NOLSM2512525,1,1,3,1,1,11311,70
156,NOLSM602238,1,1,3,1,1,11311,93
157,NOLSM7542825754,1,1,3,1,1,11311,141
158,NOLSM650252,1,1,3,1,1,11311,78
159,NOLSM313,1,1,3,1,1,11311,95
160,NOLSM7482819748,1,1,3,1,1,11311,87
161,NOLSM354143,1,1,3,1,1,11311,180
162,NOLSM8513214,1,1,3,1,1,11311,24
163,NOLSM2621019262,1,1,3,1,1,11311,88
164,NOLSM153618,1,1,3,1,1,11311,68
165,NOLSM7512822751,1,1,3,1,1,11311,114
166,NOLSM7522823752,1,1,3,2,2,11322,117
167,NOLSM7492820749,1,1,3,2,2,11322,132
168,NOLSM5061920506,1,1,3,2,2,11322,75
169,NOLSM7552826755,1,1,3,2,2,11322,93
170,NOLSM5091923509,1,1,3,2,2,11322,21
171,NOLSM2312323,1,1,3,2,2,11322,117
172,NOLSM5121926512,1,1,3,2,2,11322,72
173,NOLSM2631020263,1,1,3,2,2,11322,50
174,NOLSM2012020,1,1,3,2,2,11322,92
175,NOLSM2691026269,1,1,3,2,2,11322,51
176,NOLSM2612626,1,1,3,2,2,11322,90
177,NOLSM2661023266,1,1,3,2,2,11322,72
178,NOLSM4261621,1,1,3,3,3,11333,98
179,NOLSM126518,1,1,3,3,3,11333,50
180,NOLSM7502821750,1,1,3,3,3,11333,114
181,NOLSM5252012,1,1,3,3,3,11333,66
182,NOLSM227911,1,1,3,3,3,11333,94
183,NOLSM4741815,1,1,3,3,3,11333,21
184,NOLSM2412424,1,1,3,3,3,11333,130
185,NOLSM6752527,1,1,3,3,3,11333,138
186,NOLSM7562827756,1,1,3,3,3,11333,171
187,NOLSM328134,1,1,3,3,3,11333,105
188,NOLSM7252723,1,1,3,3,3,11333,81
189,NOLSM2922,1,1,3,3,3,11333,109
190,NOLSM7772921,1,1,3,3,3,11333,66
191,NOLSM2712727,1,1,3,3,3,11333,146
192,NOLSM627246,1,1,3,3,3,11333,33
193,NOLSM177715,1,1,3,3,3,11333,92
194,NOLSM2641021264,1,1,3,3,3,11333,81
195,NOLSM3781427,1,1,3,3,3,11333,75
196,NOLSM2671024267,1,1,3,3,3,11333,57
197,NOLSM5101924510,1,1,3,3,3,11333,24
198,NOLSM2701027270,1,1,3,3,3,11333,104
199,NOLSM5071921507,1,1,3,3,3,11333,57
200,NOLSM5131927513,1,1,3,3,3,11333,66
201,NOLSM2112121,1,1,3,3,3,11333,255
202,NOLSM7532824753,1,1,3,3,3,11333,84
203,NOLSM576229,1,1,3,3,3,11333,75
204,NOLSM8253115,1,1,3,3,3,11333,66
205,NOLSM277117,1,1,3,3,3,11333,140
206,NOLSM76322,1,1,3,3,3,11333,87
207,NOLSM355144,1,2,1,1,1,12111,88
208,NOLSM757291757,1,2,1,1,1,12111,186
209,NOLSM342734,1,2,1,1,1,12111,105
210,NOLSM312431,1,2,1,1,1,12111,42
211,NOLSM4511719,1,2,1,1,1,12111,122
212,NOLSM204815,1,2,1,1,1,12111,73
213,NOLSM7532824,1,2,1,1,1,12111,84
214,NOLSM514201514,1,2,1,1,1,12111,96
215,NOLSM651253,1,2,1,1,1,12111,195
216,NOLSM520207520,1,2,1,1,1,12111,48
217,NOLSM517204517,1,2,1,1,1,12111,45
218,NOLSM760294760,1,2,1,1,1,12111,207
219,NOLSM282128,1,2,1,1,1,12111,91
220,NOLSM154619,1,2,1,1,1,12111,69
221,NOLSM603239,1,2,1,1,1,12111,63
222,NOLSM5011915,1,2,1,1,1,12111,180
223,NOLSM102421,1,2,1,1,1,12111,68
224,NOLSM5522112,1,2,1,1,1,12111,129
225,NOLSM303126,1,2,1,1,1,12111,66
226,NOLSM7022627,1,2,1,1,1,12111,57
227,NOLSM414,1,2,1,1,1,12111,117
228,NOLSM763297763,1,2,1,1,1,12111,12
229,NOLSM8523215,1,2,1,1,1,12111,84
230,NOLSM2531010,1,2,1,1,1,12111,89
231,NOLSM8023019,1,2,1,1,1,12111,18
232,NOLSM277117277,1,2,1,1,1,12111,140
233,NOLSM274114274,1,2,1,1,1,12111,37
234,NOLSM271111271,1,2,1,1,1,12111,221
235,NOLSM4031525,1,2,1,1,1,12111,60
236,NOLSM5531,1,2,1,1,1,12111,115
237,NOLSM275115275,1,2,1,2,2,12122,39
238,NOLSM292229,1,2,1,2,2,12122,109
239,NOLSM278118278,1,2,1,2,2,12122,105
240,NOLSM272112272,1,2,1,2,2,12122,84
241,NOLSM515202515,1,2,1,2,2,12122,87
242,NOLSM518205518,1,2,1,2,2,12122,69
243,NOLSM322532,1,2,1,2,2,12122,149
244,NOLSM352835,1,2,1,2,2,12122,176
245,NOLSM521208521,1,2,1,2,2,12122,24
246,NOLSM761295761,1,2,1,2,2,12122,354
247,NOLSM764298764,1,2,1,2,2,12122,6
248,NOLSM758292758,1,2,1,2,2,12122,132
249,NOLSM127519,1,2,1,3,3,12133,75
250,NOLSM516203516,1,2,1,3,3,12133,93
251,NOLSM759293759,1,2,1,3,3,12133,150
252,NOLSM3023,1,2,1,3,3,12133,93
253,NOLSM4271622,1,2,1,3,3,12133,259
254,NOLSM228912,1,2,1,3,3,12133,193
255,NOLSM676261,1,2,1,3,3,12133,156
256,NOLSM77323,1,2,1,3,3,12133,160
257,NOLSM762296762,1,2,1,3,3,12133,9
258,NOLSM273113273,1,2,1,3,3,12133,56
259,NOLSM765299765,1,2,1,3,3,12133,0
260,NOLSM302330,1,2,1,3,3,12133,93
261,NOLSM279119279,1,2,1,3,3,12133,118
262,NOLSM8263116,1,2,1,3,3,12133,111
263,NOLSM7262724,1,2,1,3,3,12133,57
264,NOLSM278118,1,2,1,3,3,12133,105
265,NOLSM178716,1,2,1,3,3,12133,72
266,NOLSM4751816,1,2,1,3,3,12133,57
267,NOLSM276116276,1,2,1,3,3,12133,70
268,NOLSM519206519,1,2,1,3,3,12133,69
269,NOLSM5772210,1,2,1,3,3,12133,69
270,NOLSM628247,1,2,1,3,3,12133,66
271,NOLSM522209522,1,2,1,3,3,12133,39
272,NOLSM379151,1,2,1,3,3,12133,70
273,NOLSM332633,1,2,1,3,3,12133,77
274,NOLSM5262013,1,2,1,3,3,12133,51
275,NOLSM362936,1,2,1,3,3,12133,115
276,NOLSM329135,1,2,1,3,3,12133,79
277,NOLSM7782922,1,2,1,3,3,12133,78
278,NOLSM7692913769,1,2,2,1,1,12211,15
279,NOLSM4021340,1,2,2,1,1,12211,132
280,NOLSM2801110280,1,2,2,1,1,12211,61
281,NOLSM3721037,1,2,2,1,1,12211,69
282,NOLSM7662910766,1,2,2,1,1,12211,21
283,NOLSM7722916772,1,2,2,1,1,12211,54
284,NOLSM5292016529,1,2,2,1,1,12211,114
285,NOLSM4321643,1,2,2,1,1,12211,125
286,NOLSM2861116286,1,2,2,1,1,12211,84
287,NOLSM5232010523,1,2,2,1,1,12211,204
288,NOLSM5262013526,1,2,2,1,1,12211,51
289,NOLSM2831113283,1,2,2,1,1,12211,80
290,NOLSM5302017530,1,2,2,2,2,12222,135
291,NOLSM128520,1,2,2,2,2,12222,104
292,NOLSM6042310,1,2,2,2,2,12222,228
293,NOLSM5272014,1,2,2,2,2,12222,93
294,NOLSM5242011524,1,2,2,2,2,12222,18
295,NOLSM279119,1,2,2,2,2,12222,118
296,NOLSM5782211,1,2,2,2,2,12222,99
297,NOLSM330136,1,2,2,2,2,12222,96
298,NOLSM380152,1,2,2,2,2,12222,107
299,NOLSM5632,1,2,2,2,2,12222,190
300,NOLSM155620,1,2,2,2,2,12222,107
301,NOLSM103422,1,2,2,2,2,12222,95
302,NOLSM515,1,2,2,2,2,12222,143
303,NOLSM652254,1,2,2,2,2,12222,390
304,NOLSM5021916,1,2,2,2,2,12222,216
305,NOLSM78324,1,2,2,2,2,12222,121
306,NOLSM5272014527,1,2,2,2,2,12222,93
307,NOLSM2811111281,1,2,2,2,2,12222,113
308,NOLSM7702914770,1,2,2,2,2,12222,102
309,NOLSM7272725,1,2,2,2,2,12222,144
310,NOLSM304127,1,2,2,2,2,12222,118
311,NOLSM7672911767,1,2,2,2,2,12222,6
312,NOLSM7732917773,1,2,2,2,2,12222,84
313,NOLSM2871117287,1,2,2,2,2,12222,30
314,NOLSM229913,1,2,2,2,2,12222,132
315,NOLSM7542825,1,2,2,2,2,12222,141
316,NOLSM4121441,1,2,2,2,2,12222,99
317,NOLSM2841114284,1,2,2,2,2,12222,139
318,NOLSM3821138,1,2,2,2,2,12222,128
319,NOLSM4281623,1,2,2,2,2,12222,98
320,NOLSM703271,1,2,2,2,2,12222,666
321,NOLSM4421744,1,2,2,2,2,12222,97
322,NOLSM356145,1,2,2,2,2,12222,95
323,NOLSM2821112282,1,2,2,3,3,12233,85
324,NOLSM5282015528,1,2,2,3,3,12233,126
325,NOLSM5252012525,1,2,2,3,3,12233,66
326,NOLSM4521845,1,2,2,3,3,12233,62
327,NOLSM5312018531,1,2,2,3,3,12233,54
328,NOLSM3921239,1,2,2,3,3,12233,129
329,NOLSM4221542,1,2,2,3,3,12233,62
330,NOLSM7742918774,1,2,2,3,3,12233,30
331,NOLSM7682912768,1,2,2,3,3,12233,6
332,NOLSM2851115285,1,2,2,3,3,12233,54
333,NOLSM7712915771,1,2,2,3,3,12233,45
334,NOLSM2881118288,1,2,2,3,3,12233,48
335,NOLSM3124,1,2,3,1,1,12311,42
336,NOLSM5282015,1,2,3,1,1,12311,126
337,NOLSM677262,1,2,3,1,1,12311,102
338,NOLSM7282726,1,2,3,1,1,12311,132
339,NOLSM381153,1,2,3,1,1,12311,77
340,NOLSM7812925781,1,2,3,1,1,12311,117
341,NOLSM629248,1,2,3,1,1,12311,48
342,NOLSM7782922778,1,2,3,1,1,12311,78
343,NOLSM5382025538,1,2,3,1,1,12311,117
344,NOLSM230914,1,2,3,1,1,12311,127
345,NOLSM5352022535,1,2,3,1,1,12311,258
346,NOLSM5322019532,1,2,3,1,1,12311,117
347,NOLSM179717,1,2,3,1,1,12311,81
348,NOLSM4291624,1,2,3,1,1,12311,70
349,NOLSM2801110,1,2,3,1,1,12311,61
350,NOLSM79325,1,2,3,1,1,12311,79
351,NOLSM129521,1,2,3,1,1,12311,85
352,NOLSM7752919775,1,2,3,1,1,12311,48
353,NOLSM4922249,1,2,3,1,1,12311,171
354,NOLSM2891119289,1,2,3,1,1,12311,15
355,NOLSM4761817,1,2,3,1,1,12311,15
356,NOLSM2951125295,1,2,3,1,1,12311,187
357,NOLSM8273117,1,2,3,1,1,12311,39
358,NOLSM4621946,1,2,3,1,1,12311,157
359,NOLSM5792212,1,2,3,1,1,12311,66
360,NOLSM7792923,1,2,3,1,1,12311,96
361,NOLSM2921122292,1,2,3,1,1,12311,89
362,NOLSM331137,1,2,3,1,1,12311,115
363,NOLSM5222552,1,2,3,1,1,12311,94
364,NOLSM5022350,1,2,3,2,2,12322,59
365,NOLSM5332020533,1,2,3,2,2,12322,75
366,NOLSM7762920776,1,2,3,2,2,12322,15
367,NOLSM2901120290,1,2,3,2,2,12322,121
368,NOLSM5362023536,1,2,3,2,2,12322,156
369,NOLSM7822926782,1,2,3,2,2,12322,186
370,NOLSM5322653,1,2,3,2,2,12322,114
371,NOLSM4722047,1,2,3,2,2,12322,184
372,NOLSM2931123293,1,2,3,2,2,12322,110
373,NOLSM7792923779,1,2,3,2,2,12322,96
374,NOLSM5392026539,1,2,3,2,2,12322,66
375,NOLSM2961126296,1,2,3,2,2,12322,117
376,NOLSM2541011,1,2,3,3,3,12333,165
377,NOLSM704272,1,2,3,3,3,12333,72
378,NOLSM7802924780,1,2,3,3,3,12333,33
379,NOLSM4521720,1,2,3,3,3,12333,161
380,NOLSM5372024537,1,2,3,3,3,12333,90
381,NOLSM5342021534,1,2,3,3,3,12333,120
382,NOLSM5402027540,1,2,3,3,3,12333,102
383,NOLSM616,1,2,3,3,3,12333,49
384,NOLSM653255,1,2,3,3,3,12333,453
385,NOLSM205816,1,2,3,3,3,12333,97
386,NOLSM6052311,1,2,3,3,3,12333,201
387,NOLSM7552826,1,2,3,3,3,12333,93
388,NOLSM305128,1,2,3,3,3,12333,120
389,NOLSM7772921777,1,2,3,3,3,12333,66
390,NOLSM357146,1,2,3,3,3,12333,218
391,NOLSM2911121291,1,2,3,3,3,12333,96
392,NOLSM5422754,1,2,3,3,3,12333,157
393,NOLSM5122451,1,2,3,3,3,12333,42
394,NOLSM5031917,1,2,3,3,3,12333,216
395,NOLSM7832927783,1,2,3,3,3,12333,207
396,NOLSM104423,1,2,3,3,3,12333,102
397,NOLSM5733,1,2,3,3,3,12333,76
398,NOLSM4041526,1,2,3,3,3,12333,54
399,NOLSM156621,1,2,3,3,3,12333,75
400,NOLSM2941124294,1,2,3,3,3,12333,118
401,NOLSM2971127297,1,2,3,3,3,12333,76
402,NOLSM5532113,1,2,3,3,3,12333,57
403,NOLSM4822148,1,2,3,3,3,12333,128
404,NOLSM8033020,1,2,3,3,3,12333,18
405,NOLSM130522,1,3,1,1,1,13111,127
406,NOLSM547217547,1,3,1,1,1,13111,60
407,NOLSM301124301,1,3,1,1,1,13111,153
408,NOLSM7802924,1,3,1,1,1,13111,33
409,NOLSM613761,1,3,1,1,1,13111,98
410,NOLSM544214544,1,3,1,1,1,13111,114
411,NOLSM3225,1,3,1,1,1,13111,149
412,NOLSM583458,1,3,1,1,1,13111,227
413,NOLSM541211541,1,3,1,1,1,13111,120
414,NOLSM553155,1,3,1,1,1,13111,115
415,NOLSM5802213,1,3,1,1,1,13111,69
416,NOLSM4771818,1,3,1,1,1,13111,30
417,NOLSM298121298,1,3,1,1,1,13111,68
418,NOLSM332138,1,3,1,1,1,13111,167
419,NOLSM784301784,1,3,1,1,1,13111,222
420,NOLSM7292727,1,3,1,1,1,13111,42
421,NOLSM678263,1,3,1,1,1,13111,147
422,NOLSM231915,1,3,1,1,1,13111,90
423,NOLSM5292016,1,3,1,1,1,13111,114
424,NOLSM630249,1,3,1,1,1,13111,90
425,NOLSM790307790,1,3,1,1,1,13111,60
426,NOLSM8283118,1,3,1,1,1,13111,51
427,NOLSM382154,1,3,1,1,1,13111,89
428,NOLSM2811111,1,3,1,1,1,13111,113
429,NOLSM787304787,1,3,1,1,1,13111,219
430,NOLSM80326,1,3,1,1,1,13111,127
431,NOLSM180718,1,3,1,1,1,13111,200
432,NOLSM304127304,1,3,1,1,1,13111,118
433,NOLSM4301625,1,3,1,1,1,13111,57
434,NOLSM563256,1,3,1,2,2,13122,190
435,NOLSM623862,1,3,1,2,2,13122,99
436,NOLSM548218548,1,3,1,2,2,13122,120
437,NOLSM302125302,1,3,1,2,2,13122,29
438,NOLSM593559,1,3,1,2,2,13122,102
439,NOLSM791308791,1,3,1,2,2,13122,96
440,NOLSM299122299,1,3,1,2,2,13122,142
441,NOLSM542212542,1,3,1,2,2,13122,111
442,NOLSM788305788,1,3,1,2,2,13122,135
443,NOLSM305128305,1,3,1,2,2,13122,120
444,NOLSM545215545,1,3,1,2,2,13122,117
445,NOLSM785302785,1,3,1,2,2,13122,213
446,NOLSM633963,1,3,1,3,3,13133,75
447,NOLSM5542114,1,3,1,3,3,13133,54
448,NOLSM573357,1,3,1,3,3,13133,76
449,NOLSM543213543,1,3,1,3,3,13133,54
450,NOLSM306129,1,3,1,3,3,13133,178
451,NOLSM603660,1,3,1,3,3,13133,121
452,NOLSM546216546,1,3,1,3,3,13133,141
453,NOLSM6062312,1,3,1,3,3,13133,231
454,NOLSM549219549,1,3,1,3,3,13133,69
455,NOLSM5041918,1,3,1,3,3,13133,399
456,NOLSM4051527,1,3,1,3,3,13133,91
457,NOLSM705273,1,3,1,3,3,13133,66
458,NOLSM206817,1,3,1,3,3,13133,128
459,NOLSM303126303,1,3,1,3,3,13133,66
460,NOLSM654256,1,3,1,3,3,13133,237
461,NOLSM792309792,1,3,1,3,3,13133,72
462,NOLSM300123300,1,3,1,3,3,13133,75
463,NOLSM306129306,1,3,1,3,3,13133,178
464,NOLSM786303786,1,3,1,3,3,13133,138
465,NOLSM4531721,1,3,1,3,3,13133,68
466,NOLSM789306789,1,3,1,3,3,13133,99
467,NOLSM8043021,1,3,1,3,3,13133,21
468,NOLSM3071210307,1,3,2,1,1,13211,102
469,NOLSM3101213310,1,3,2,1,1,13211,73
470,NOLSM7933010793,1,3,2,1,1,13211,9
471,NOLSM5502110550,1,3,2,1,1,13211,99
472,NOLSM7993016799,1,3,2,1,1,13211,48
473,NOLSM6731367,1,3,2,1,1,13211,84
474,NOLSM5532113553,1,3,2,1,1,13211,57
475,NOLSM5562116556,1,3,2,1,1,13211,69
476,NOLSM7963013796,1,3,2,1,1,13211,54
477,NOLSM3131216313,1,3,2,1,1,13211,54
478,NOLSM6431064,1,3,2,1,1,13211,181
479,NOLSM7031670,1,3,2,1,1,13211,70
480,NOLSM655257,1,3,2,2,2,13222,495
481,NOLSM6831468,1,3,2,2,2,13222,99
482,NOLSM6312410,1,3,2,2,2,13222,126
483,NOLSM5552115,1,3,2,2,2,13222,48
484,NOLSM7131771,1,3,2,2,2,13222,95
485,NOLSM406161,1,3,2,2,2,13222,139
486,NOLSM105424,1,3,2,2,2,13222,121
487,NOLSM6072313,1,3,2,2,2,13222,126
488,NOLSM5051919,1,3,2,2,2,13222,18
489,NOLSM8293119,1,3,2,2,2,13222,18
490,NOLSM8053022,1,3,2,2,2,13222,6
491,NOLSM7943011794,1,3,2,2,2,13222,72
492,NOLSM5834,1,3,2,2,2,13222,227
493,NOLSM157622,1,3,2,2,2,13222,31
494,NOLSM6531165,1,3,2,2,2,13222,87
495,NOLSM207818,1,3,2,2,2,13222,88
496,NOLSM2821112,1,3,2,2,2,13222,85
497,NOLSM3141217314,1,3,2,2,2,13222,84
498,NOLSM3111214311,1,3,2,2,2,13222,97
499,NOLSM333139,1,3,2,2,2,13222,45
500,NOLSM4541722,1,3,2,2,2,13222,46
501,NOLSM131523,1,3,2,2,2,13222,96
502,NOLSM730281,1,3,2,2,2,13222,99
503,NOLSM358147,1,3,2,2,2,13222,161
504,NOLSM2551012,1,3,2,2,2,13222,159
505,NOLSM5512111551,1,3,2,2,2,13222,108
506,NOLSM7562827,1,3,2,2,2,13222,171
507,NOLSM5542114554,1,3,2,2,2,13222,54
508,NOLSM3071210,1,3,2,2,2,13222,102
509,NOLSM4311626,1,3,2,2,2,13222,49
510,NOLSM232916,1,3,2,2,2,13222,114
511,NOLSM81327,1,3,2,2,2,13222,88
512,NOLSM5812214,1,3,2,2,2,13222,18
513,NOLSM706274,1,3,2,2,2,13222,93
514,NOLSM4781819,1,3,2,2,2,13222,18
515,NOLSM8003017800,1,3,2,2,2,13222,15
516,NOLSM181719,1,3,2,2,2,13222,136
517,NOLSM7973014797,1,3,2,2,2,13222,84
518,NOLSM5302017,1,3,2,2,2,13222,135
519,NOLSM679264,1,3,2,2,2,13222,129
520,NOLSM717,1,3,2,2,2,13222,97
521,NOLSM5572117557,1,3,2,2,2,13222,66
522,NOLSM3081211308,1,3,2,2,2,13222,105
523,NOLSM3151218315,1,3,2,3,3,13233,30
524,NOLSM6931569,1,3,2,3,3,13233,193
525,NOLSM3121215312,1,3,2,3,3,13233,86
526,NOLSM7231872,1,3,2,3,3,13233,142
527,NOLSM6631266,1,3,2,3,3,13233,155
528,NOLSM7953012795,1,3,2,3,3,13233,30
529,NOLSM7983015798,1,3,2,3,3,13233,30
530,NOLSM3091212309,1,3,2,3,3,13233,97
531,NOLSM8013018801,1,3,2,3,3,13233,57
532,NOLSM5522112552,1,3,2,3,3,13233,129
533,NOLSM5552115555,1,3,2,3,3,13233,48
534,NOLSM5582118558,1,3,2,3,3,13233,75
535,NOLSM2561013,1,3,3,1,1,13311,84
536,NOLSM3081211,1,3,3,1,1,13311,105
537,NOLSM359148,1,3,3,1,1,13311,145
538,NOLSM7932579,1,3,3,1,1,13311,79
539,NOLSM8053022805,1,3,3,1,1,13311,6
540,NOLSM5935,1,3,3,1,1,13311,102
541,NOLSM757291,1,3,3,1,1,13311,186
542,NOLSM407162,1,3,3,1,1,13311,118
543,NOLSM7331973,1,3,3,1,1,13311,115
544,NOLSM8063023,1,3,3,1,1,13311,30
545,NOLSM7632276,1,3,3,1,1,13311,87
546,NOLSM8083025808,1,3,3,1,1,13311,36
547,NOLSM8023019802,1,3,3,1,1,13311,18
548,NOLSM707275,1,3,3,1,1,13311,165
549,NOLSM5061920,1,3,3,1,1,13311,75
550,NOLSM5652125565,1,3,3,1,1,13311,57
551,NOLSM818,1,3,3,1,1,13311,92
552,NOLSM3191222319,1,3,3,1,1,13311,83
553,NOLSM656258,1,3,3,1,1,13311,477
554,NOLSM3221225322,1,3,3,1,1,13311,136
555,NOLSM106425,1,3,3,1,1,13311,40
556,NOLSM208819,1,3,3,1,1,13311,114
557,NOLSM158623,1,3,3,1,1,13311,71
558,NOLSM5592119559,1,3,3,1,1,13311,36
559,NOLSM6082314,1,3,3,1,1,13311,75
560,NOLSM5562116,1,3,3,1,1,13311,69
561,NOLSM5622122562,1,3,3,1,1,13311,144
562,NOLSM4551723,1,3,3,1,1,13311,89
563,NOLSM3161219316,1,3,3,1,1,13311,48
564,NOLSM3171220317,1,3,3,2,2,13322,15
565,NOLSM3201223320,1,3,3,2,2,13322,102
566,NOLSM3231226323,1,3,3,2,2,13322,122
567,NOLSM8033020803,1,3,3,2,2,13322,18
568,NOLSM8063023806,1,3,3,2,2,13322,30
569,NOLSM5602120560,1,3,3,2,2,13322,63
570,NOLSM8032680,1,3,3,2,2,13322,127
571,NOLSM7732377,1,3,3,2,2,13322,160
572,NOLSM5662126566,1,3,3,2,2,13322,126
573,NOLSM8093026809,1,3,3,2,2,13322,39
574,NOLSM7432074,1,3,3,2,2,13322,64
575,NOLSM5632123563,1,3,3,2,2,13322,159
576,NOLSM3211224321,1,3,3,3,3,13333,86
577,NOLSM6322411,1,3,3,3,3,13333,192
578,NOLSM182720,1,3,3,3,3,13333,123
579,NOLSM731282,1,3,3,3,3,13333,51
580,NOLSM3181221318,1,3,3,3,3,13333,50
581,NOLSM5672127567,1,3,3,3,3,13333,117
582,NOLSM3326,1,3,3,3,3,13333,77
583,NOLSM383155,1,3,3,3,3,13333,138
584,NOLSM5642124564,1,3,3,3,3,13333,96
585,NOLSM3341310,1,3,3,3,3,13333,168
586,NOLSM132524,1,3,3,3,3,13333,127
587,NOLSM7532175,1,3,3,3,3,13333,113
588,NOLSM4321627,1,3,3,3,3,13333,152
589,NOLSM8103027810,1,3,3,3,3,13333,15
590,NOLSM2831113,1,3,3,3,3,13333,80
591,NOLSM8303120,1,3,3,3,3,13333,12
592,NOLSM680265,1,3,3,3,3,13333,93
593,NOLSM4791820,1,3,3,3,3,13333,81
594,NOLSM233917,1,3,3,3,3,13333,130
595,NOLSM8073024807,1,3,3,3,3,13333,87
596,NOLSM5822215,1,3,3,3,3,13333,84
597,NOLSM8241,1,3,3,3,3,13333,140
598,NOLSM5612121561,1,3,3,3,3,13333,48
599,NOLSM3241227324,1,3,3,3,3,13333,217
600,NOLSM7832478,1,3,3,3,3,13333,121
601,NOLSM7812925,1,3,3,3,3,13333,117
602,NOLSM5312018,1,3,3,3,3,13333,54
603,NOLSM8043021804,1,3,3,3,3,13333,21
604,NOLSM8132781,1,3,3,3,3,13333,88
605,NOLSM3091212,2,1,1,1,1,21111,97
606,NOLSM209820,2,1,1,1,1,21111,86
607,NOLSM107426,2,1,1,1,1,21111,79
608,NOLSM159624,2,1,1,1,1,21111,61
609,NOLSM884788,2,1,1,1,1,21111,169
610,NOLSM854485,2,1,1,1,1,21111,60
611,NOLSM6036,2,1,1,1,1,21111,121
612,NOLSM824182,2,1,1,1,1,21111,140
613,NOLSM6092315,2,1,1,1,1,21111,84
614,NOLSM8073024,2,1,1,1,1,21111,87
615,NOLSM758292,2,1,1,1,1,21111,132
616,NOLSM708276,2,1,1,1,1,21111,105
617,NOLSM817317817,2,1,1,1,1,21111,30
618,NOLSM814314814,2,1,1,1,1,21111,114
619,NOLSM811311811,2,1,1,1,1,21111,18
620,NOLSM657259,2,1,1,1,1,21111,444
621,NOLSM2571014,2,1,1,1,1,21111,180
622,NOLSM325131325,2,1,1,1,1,21111,141
623,NOLSM331137331,2,1,1,1,1,21111,115
624,NOLSM568221568,2,1,1,1,1,21111,93
625,NOLSM328134328,2,1,1,1,1,21111,105
626,NOLSM919,2,1,1,1,1,21111,86
627,NOLSM5071921,2,1,1,1,1,21111,57
628,NOLSM360149,2,1,1,1,1,21111,151
629,NOLSM571224571,2,1,1,1,1,21111,99
630,NOLSM5572117,2,1,1,1,1,21111,66
631,NOLSM408163,2,1,1,1,1,21111,187
632,NOLSM4561724,2,1,1,1,1,21111,121
633,NOLSM574227574,2,1,1,1,1,21111,45
634,NOLSM812312812,2,1,1,2,2,21122,126
635,NOLSM834283,2,1,1,2,2,21122,144
636,NOLSM575228575,2,1,1,2,2,21122,39
637,NOLSM894889,2,1,1,2,2,21122,167
638,NOLSM332138332,2,1,1,2,2,21122,167
639,NOLSM818318818,2,1,1,2,2,21122,48
640,NOLSM572225572,2,1,1,2,2,21122,72
641,NOLSM569222569,2,1,1,2,2,21122,102
642,NOLSM329135329,2,1,1,2,2,21122,79
643,NOLSM815315815,2,1,1,2,2,21122,54
644,NOLSM326132326,2,1,1,2,2,21122,55
645,NOLSM864586,2,1,1,2,2,21122,102
646,NOLSM3351311,2,1,1,3,3,21133,156
647,NOLSM874687,2,1,1,3,3,21133,35
648,NOLSM183721,2,1,1,3,3,21133,112
649,NOLSM8313121,2,1,1,3,3,21133,159
650,NOLSM904990,2,1,1,3,3,21133,110
651,NOLSM816316816,2,1,1,3,3,21133,84
652,NOLSM813313813,2,1,1,3,3,21133,96
653,NOLSM8342,2,1,1,3,3,21133,144
654,NOLSM576229576,2,1,1,3,3,21133,75
655,NOLSM573226573,2,1,1,3,3,21133,102
656,NOLSM433171,2,1,1,3,3,21133,140
657,NOLSM234918,2,1,1,3,3,21133,115
658,NOLSM570223570,2,1,1,3,3,21133,108
659,NOLSM681266,2,1,1,3,3,21133,120
660,NOLSM133525,2,1,1,3,3,21133,59
661,NOLSM5322019,2,1,1,3,3,21133,117
662,NOLSM7822926,2,1,1,3,3,21133,186
663,NOLSM844384,2,1,1,3,3,21133,33
664,NOLSM819319819,2,1,1,3,3,21133,15
665,NOLSM4801821,2,1,1,3,3,21133,63
666,NOLSM333139333,2,1,1,3,3,21133,45
667,NOLSM5832216,2,1,1,3,3,21133,45
668,NOLSM6332412,2,1,1,3,3,21133,72
669,NOLSM384156,2,1,1,3,3,21133,154
670,NOLSM327133327,2,1,1,3,3,21133,96
671,NOLSM732283,2,1,1,3,3,21133,90
672,NOLSM3427,2,1,1,3,3,21133,105
673,NOLSM2841114,2,1,1,3,3,21133,139
674,NOLSM330136330,2,1,1,3,3,21133,96
675,NOLSM3341310334,2,1,2,1,1,21211,54
676,NOLSM9741697,2,1,2,1,1,21211,64
677,NOLSM8233113823,2,1,2,1,1,21211,54
678,NOLSM9141091,2,1,2,1,1,21211,214
679,NOLSM3401316340,2,1,2,1,1,21211,31
680,NOLSM3371313337,2,1,2,1,1,21211,48
681,NOLSM8263116826,2,1,2,1,1,21211,48
682,NOLSM5772210577,2,1,2,1,1,21211,69
683,NOLSM5832216583,2,1,2,1,1,21211,45
684,NOLSM8203110820,2,1,2,1,1,21211,9
685,NOLSM5802213580,2,1,2,1,1,21211,69
686,NOLSM9441394,2,1,2,1,1,21211,56
687,NOLSM108427,2,1,2,2,2,21222,146
688,NOLSM2851115,2,1,2,2,2,21222,125
689,NOLSM3101213,2,1,2,2,2,21222,73
690,NOLSM759293,2,1,2,2,2,21222,150
691,NOLSM5842217,2,1,2,2,2,21222,57
692,NOLSM6137,2,1,2,2,2,21222,98
693,NOLSM682267,2,1,2,2,2,21222,90
694,NOLSM10110,2,1,2,2,2,21222,102
695,NOLSM134526,2,1,2,2,2,21222,111
696,NOLSM3411317341,2,1,2,2,2,21222,238
697,NOLSM5081922,2,1,2,2,2,21222,9
698,NOLSM434172,2,1,2,2,2,21222,96
699,NOLSM235919,2,1,2,2,2,21222,57
700,NOLSM3381314338,2,1,2,2,2,21222,15
701,NOLSM8443,2,1,2,2,2,21222,33
702,NOLSM6582510,2,1,2,2,2,21222,459
703,NOLSM2581015,2,1,2,2,2,21222,115
704,NOLSM3351311335,2,1,2,2,2,21222,84
705,NOLSM7832927,2,1,2,2,2,21222,207
706,NOLSM5842217584,2,1,2,2,2,21222,57
707,NOLSM6102316,2,1,2,2,2,21222,225
708,NOLSM5812214581,2,1,2,2,2,21222,18
709,NOLSM5782211578,2,1,2,2,2,21222,99
710,NOLSM9541495,2,1,2,2,2,21222,110
711,NOLSM709277,2,1,2,2,2,21222,126
712,NOLSM9841798,2,1,2,2,2,21222,78
713,NOLSM8083025,2,1,2,2,2,21222,36
714,NOLSM8213111821,2,1,2,2,2,21222,111
715,NOLSM8273117827,2,1,2,2,2,21222,15
716,NOLSM5582118,2,1,2,2,2,21222,75
717,NOLSM4811822,2,1,2,2,2,21222,21
718,NOLSM409164,2,1,2,2,2,21222,127
719,NOLSM8323122,2,1,2,2,2,21222,93
720,NOLSM9241192,2,1,2,2,2,21222,64
721,NOLSM3361312,2,1,2,2,2,21222,112
722,NOLSM3528,2,1,2,2,2,21222,176
723,NOLSM5332020,2,1,2,2,2,21222,75
724,NOLSM733284,2,1,2,2,2,21222,132
725,NOLSM8243114824,2,1,2,2,2,21222,84
726,NOLSM3611410,2,1,2,2,2,21222,110
727,NOLSM184722,2,1,2,2,2,21222,101
728,NOLSM160625,2,1,2,2,2,21222,120
729,NOLSM9641596,2,1,2,3,3,21233,115
730,NOLSM3361312336,2,1,2,3,3,21233,30
731,NOLSM5852218585,2,1,2,3,3,21233,51
732,NOLSM5822215582,2,1,2,3,3,21233,84
733,NOLSM5792212579,2,1,2,3,3,21233,66
734,NOLSM9941899,2,1,2,3,3,21233,201
735,NOLSM9341293,2,1,2,3,3,21233,140
736,NOLSM8223112822,2,1,2,3,3,21233,129
737,NOLSM8283118828,2,1,2,3,3,21233,51
738,NOLSM3421318342,2,1,2,3,3,21233,173
739,NOLSM3391315339,2,1,2,3,3,21233,87
740,NOLSM8253115825,2,1,2,3,3,21233,30
741,NOLSM103422103,2,1,3,1,1,21311,95
742,NOLSM6342413,2,1,3,1,1,21311,60
743,NOLSM100419100,2,1,3,1,1,21311,110
744,NOLSM135527,2,1,3,1,1,21311,71
745,NOLSM8544,2,1,3,1,1,21311,60
746,NOLSM385157,2,1,3,1,1,21311,62
747,NOLSM106425106,2,1,3,1,1,21311,40
748,NOLSM5342021,2,1,3,1,1,21311,120
749,NOLSM3431319343,2,1,3,1,1,21311,103
750,NOLSM3629,2,1,3,1,1,21311,115
751,NOLSM5892222589,2,1,3,1,1,21311,81
752,NOLSM5862219586,2,1,3,1,1,21311,66
753,NOLSM8293119829,2,1,3,1,1,21311,18
754,NOLSM185723,2,1,3,1,1,21311,78
755,NOLSM4821823,2,1,3,1,1,21311,15
756,NOLSM8333123,2,1,3,1,1,21311,168
757,NOLSM3371313,2,1,3,1,1,21311,68
758,NOLSM5922225592,2,1,3,1,1,21311,114
759,NOLSM8323122832,2,1,3,1,1,21311,54
760,NOLSM3491325349,2,1,3,1,1,21311,78
761,NOLSM3461322346,2,1,3,1,1,21311,28
762,NOLSM435173,2,1,3,1,1,21311,54
763,NOLSM8353125835,2,1,3,1,1,21311,48
764,NOLSM236920,2,1,3,1,1,21311,78
765,NOLSM683268,2,1,3,1,1,21311,96
766,NOLSM5852218,2,1,3,1,1,21311,51
767,NOLSM784301,2,1,3,1,1,21311,222
768,NOLSM734285,2,1,3,1,1,21311,156
769,NOLSM2861116,2,1,3,1,1,21311,50
770,NOLSM107426107,2,1,3,2,2,21322,79
771,NOLSM8303120830,2,1,3,2,2,21322,12
772,NOLSM8363126836,2,1,3,2,2,21322,15
773,NOLSM104423104,2,1,3,2,2,21322,102
774,NOLSM8333123833,2,1,3,2,2,21322,84
775,NOLSM5932226593,2,1,3,2,2,21322,54
776,NOLSM5902223590,2,1,3,2,2,21322,87
777,NOLSM5872220587,2,1,3,2,2,21322,75
778,NOLSM3501326350,2,1,3,2,2,21322,60
779,NOLSM3471323347,2,1,3,2,2,21322,134
780,NOLSM101420101,2,1,3,2,2,21322,102
781,NOLSM3441320344,2,1,3,2,2,21322,174
782,NOLSM6592511,2,1,3,3,3,21333,336
783,NOLSM4571725,2,1,3,3,3,21333,123
784,NOLSM3621411,2,1,3,3,3,21333,93
785,NOLSM760294,2,1,3,3,3,21333,207
786,NOLSM8373127837,2,1,3,3,3,21333,207
787,NOLSM5091923,2,1,3,3,3,21333,21
788,NOLSM161626,2,1,3,3,3,21333,135
789,NOLSM8343124834,2,1,3,3,3,21333,30
790,NOLSM11111,2,1,3,3,3,21333,72
791,NOLSM3481324348,2,1,3,3,3,21333,129
792,NOLSM8313121831,2,1,3,3,3,21333,159
793,NOLSM10951,2,1,3,3,3,21333,156
794,NOLSM3511327351,2,1,3,3,3,21333,74
795,NOLSM710278,2,1,3,3,3,21333,150
796,NOLSM3451321345,2,1,3,3,3,21333,177
797,NOLSM410165,2,1,3,3,3,21333,57
798,NOLSM210821,2,1,3,3,3,21333,72
799,NOLSM105424105,2,1,3,3,3,21333,121
800,NOLSM102421102,2,1,3,3,3,21333,68
801,NOLSM2591016,2,1,3,3,3,21333,230
802,NOLSM5882221588,2,1,3,3,3,21333,81
803,NOLSM5912224591,2,1,3,3,3,21333,120
804,NOLSM5942227594,2,1,3,3,3,21333,84
805,NOLSM6238,2,1,3,3,3,21333,99
806,NOLSM108427108,2,1,3,3,3,21333,146
807,NOLSM6112317,2,1,3,3,3,21333,270
808,NOLSM8093026,2,1,3,3,3,21333,39
809,NOLSM5592119,2,1,3,3,3,21333,36
810,NOLSM352141352,2,2,1,1,1,22111,90
811,NOLSM11557115,2,2,1,1,1,22111,151
812,NOLSM37210,2,2,1,1,1,22111,69
813,NOLSM11254112,2,2,1,1,1,22111,116
814,NOLSM10951109,2,2,1,1,1,22111,156
815,NOLSM436174,2,2,1,1,1,22111,71
816,NOLSM6352414,2,2,1,1,1,22111,63
817,NOLSM595231595,2,2,1,1,1,22111,30
818,NOLSM598234598,2,2,1,1,1,22111,75
819,NOLSM186724,2,2,1,1,1,22111,71
820,NOLSM601237601,2,2,1,1,1,22111,84
821,NOLSM5862219,2,2,1,1,1,22111,66
822,NOLSM5352022,2,2,1,1,1,22111,258
823,NOLSM4831824,2,2,1,1,1,22111,45
824,NOLSM8343124,2,2,1,1,1,22111,90
825,NOLSM3381314,2,2,1,1,1,22111,171
826,NOLSM838321838,2,2,1,1,1,22111,96
827,NOLSM237921,2,2,1,1,1,22111,124
828,NOLSM13661,2,2,1,1,1,22111,105
829,NOLSM684269,2,2,1,1,1,22111,141
830,NOLSM844327844,2,2,1,1,1,22111,117
831,NOLSM785302,2,2,1,1,1,22111,213
832,NOLSM386158,2,2,1,1,1,22111,125
833,NOLSM735286,2,2,1,1,1,22111,117
834,NOLSM841324841,2,2,1,1,1,22111,78
835,NOLSM355144355,2,2,1,1,1,22111,88
836,NOLSM358147358,2,2,1,1,1,22111,161
837,NOLSM2871117,2,2,1,1,1,22111,109
838,NOLSM8645,2,2,1,1,1,22111,102
839,NOLSM356145356,2,2,1,2,2,22122,95
840,NOLSM11052110,2,2,1,2,2,22122,200
841,NOLSM11355113,2,2,1,2,2,22122,203
842,NOLSM11658116,2,2,1,2,2,22122,79
843,NOLSM845328845,2,2,1,2,2,22122,42
844,NOLSM353142353,2,2,1,2,2,22122,117
845,NOLSM359148359,2,2,1,2,2,22122,145
846,NOLSM839322839,2,2,1,2,2,22122,117
847,NOLSM599235599,2,2,1,2,2,22122,138
848,NOLSM842325842,2,2,1,2,2,22122,57
849,NOLSM602238602,2,2,1,2,2,22122,30
850,NOLSM596232596,2,2,1,2,2,22122,48
851,NOLSM711279,2,2,1,3,3,22133,156
852,NOLSM597233597,2,2,1,3,3,22133,15
853,NOLSM603239603,2,2,1,3,3,22133,48
854,NOLSM357146357,2,2,1,3,3,22133,218
855,NOLSM3631412,2,2,1,3,3,22133,76
856,NOLSM6602512,2,2,1,3,3,22133,228
857,NOLSM11759117,2,2,1,3,3,22133,117
858,NOLSM11456114,2,2,1,3,3,22133,168
859,NOLSM11153111,2,2,1,3,3,22133,93
860,NOLSM600236600,2,2,1,3,3,22133,54
861,NOLSM2601017,2,2,1,3,3,22133,124
862,NOLSM211822,2,2,1,3,3,22133,282
863,NOLSM761295,2,2,1,3,3,22133,354
864,NOLSM840323840,2,2,1,3,3,22133,60
865,NOLSM411166,2,2,1,3,3,22133,136
866,NOLSM3111214,2,2,1,3,3,22133,97
867,NOLSM4581726,2,2,1,3,3,22133,77
868,NOLSM360149360,2,2,1,3,3,22133,151
869,NOLSM8103027,2,2,1,3,3,22133,15
870,NOLSM12112,2,2,1,3,3,22133,215
871,NOLSM162627,2,2,1,3,3,22133,135
872,NOLSM846329846,2,2,1,3,3,22133,84
873,NOLSM354143354,2,2,1,3,3,22133,180
874,NOLSM843326843,2,2,1,3,3,22133,69
875,NOLSM6102316610,2,2,2,1,1,22211,225
876,NOLSM3641413364,2,2,2,1,1,22211,65
877,NOLSM6072313607,2,2,2,1,1,22211,126
878,NOLSM124516124,2,2,2,1,1,22211,94
879,NOLSM121513121,2,2,2,1,1,22211,62
880,NOLSM6042310604,2,2,2,1,1,22211,15
881,NOLSM3671416367,2,2,2,1,1,22211,54
882,NOLSM118510118,2,2,2,1,1,22211,119
883,NOLSM8473210847,2,2,2,1,1,22211,105
884,NOLSM3611410361,2,2,2,1,1,22211,110
885,NOLSM8503213850,2,2,2,1,1,22211,42
886,NOLSM8746,2,2,2,2,2,22222,35
887,NOLSM13762,2,2,2,2,2,22222,103
888,NOLSM6852610,2,2,2,2,2,22222,129
889,NOLSM212823,2,2,2,2,2,22222,50
890,NOLSM3641413,2,2,2,2,2,22222,65
891,NOLSM5101924,2,2,2,2,2,22222,24
892,NOLSM786303,2,2,2,2,2,22222,138
893,NOLSM187725,2,2,2,2,2,22222,66
894,NOLSM3621411362,2,2,2,2,2,22222,93
895,NOLSM2611018,2,2,2,2,2,22222,142
896,NOLSM8513214851,2,2,2,2,2,22222,24
897,NOLSM5362023,2,2,2,2,2,22222,156
898,NOLSM6339,2,2,2,2,2,22222,75
899,NOLSM412167,2,2,2,2,2,22222,234
900,NOLSM3391315,2,2,2,2,2,22222,87
901,NOLSM3681417368,2,2,2,2,2,22222,84
902,NOLSM238922,2,2,2,2,2,22222,145
903,NOLSM11052,2,2,2,2,2,22222,200
904,NOLSM8353125,2,2,2,2,2,22222,108
905,NOLSM16371,2,2,2,2,2,22222,96
906,NOLSM6112317611,2,2,2,2,2,22222,270
907,NOLSM6612513,2,2,2,2,2,22222,300
908,NOLSM6122318,2,2,2,2,2,22222,105
909,NOLSM3651414365,2,2,2,2,2,22222,53
910,NOLSM4591727,2,2,2,2,2,22222,129
911,NOLSM6082314608,2,2,2,2,2,22222,75
912,NOLSM5602120,2,2,2,2,2,22222,63
913,NOLSM4841825,2,2,2,2,2,22222,57
914,NOLSM762296,2,2,2,2,2,22222,9
915,NOLSM6052311605,2,2,2,2,2,22222,201
916,NOLSM8483211848,2,2,2,2,2,22222,78
917,NOLSM6362415,2,2,2,2,2,22222,150
918,NOLSM3121215,2,2,2,2,2,22222,86
919,NOLSM119511119,2,2,2,2,2,22222,235
920,NOLSM38211,2,2,2,2,2,22222,128
921,NOLSM5872220,2,2,2,2,2,22222,75
922,NOLSM2881118,2,2,2,2,2,22222,69
923,NOLSM437175,2,2,2,2,2,22222,50
924,NOLSM811311,2,2,2,2,2,22222,18
925,NOLSM122514122,2,2,2,2,2,22222,39
926,NOLSM7122710,2,2,2,2,2,22222,93
927,NOLSM13113,2,2,2,2,2,22222,89
928,NOLSM736287,2,2,2,2,2,22222,123
929,NOLSM387159,2,2,2,2,2,22222,129
930,NOLSM125517125,2,2,2,2,2,22222,89
931,NOLSM3631412363,2,2,2,3,3,22233,76
932,NOLSM126518126,2,2,2,3,3,22233,50
933,NOLSM3661415366,2,2,2,3,3,22233,127
934,NOLSM6122318612,2,2,2,3,3,22233,105
935,NOLSM6062312606,2,2,2,3,3,22233,231
936,NOLSM3691418369,2,2,2,3,3,22233,30
937,NOLSM120512120,2,2,2,3,3,22233,126
938,NOLSM8523215852,2,2,2,3,3,22233,84
939,NOLSM8493212849,2,2,2,3,3,22233,42
940,NOLSM123515123,2,2,2,3,3,22233,98
941,NOLSM6092315609,2,2,2,3,3,22233,84
942,NOLSM763297,2,2,3,1,1,22311,12
943,NOLSM3131216,2,2,3,1,1,22311,59
944,NOLSM16472,2,2,3,1,1,22311,79
945,NOLSM127519127,2,2,3,1,1,22311,75
946,NOLSM6132319613,2,2,3,1,1,22311,87
947,NOLSM6162322616,2,2,3,1,1,22311,72
948,NOLSM6192325619,2,2,3,1,1,22311,225
949,NOLSM213824,2,2,3,1,1,22311,82
950,NOLSM64310,2,2,3,1,1,22311,181
951,NOLSM3701419370,2,2,3,1,1,22311,48
952,NOLSM3731422373,2,2,3,1,1,22311,84
953,NOLSM460181,2,2,3,1,1,22311,48
954,NOLSM3761425376,2,2,3,1,1,22311,74
955,NOLSM5612121,2,2,3,1,1,22311,48
956,NOLSM3651414,2,2,3,1,1,22311,53
957,NOLSM6622514,2,2,3,1,1,22311,195
958,NOLSM413168,2,2,3,1,1,22311,159
959,NOLSM11153,2,2,3,1,1,22311,93
960,NOLSM130522130,2,2,3,1,1,22311,127
961,NOLSM6132319,2,2,3,1,1,22311,87
962,NOLSM812312,2,2,3,1,1,22311,126
963,NOLSM2621019,2,2,3,1,1,22311,88
964,NOLSM133525133,2,2,3,1,1,22311,59
965,NOLSM5111925,2,2,3,1,1,22311,18
966,NOLSM14114,2,2,3,1,1,22311,104
967,NOLSM7132711,2,2,3,1,1,22311,60
968,NOLSM3711420371,2,2,3,2,2,22322,15
969,NOLSM128520128,2,2,3,2,2,22322,104
970,NOLSM3771426377,2,2,3,2,2,22322,83
971,NOLSM6172323617,2,2,3,2,2,22322,99
972,NOLSM6202326620,2,2,3,2,2,22322,51
973,NOLSM6142320614,2,2,3,2,2,22322,105
974,NOLSM3741423374,2,2,3,2,2,22322,120
975,NOLSM134526134,2,2,3,2,2,22322,111
976,NOLSM131523131,2,2,3,2,2,22322,96
977,NOLSM737288,2,2,3,3,3,22333,99
978,NOLSM8847,2,2,3,3,3,22333,169
979,NOLSM6152321615,2,2,3,3,3,22333,123
980,NOLSM3721421372,2,2,3,3,3,22333,184
981,NOLSM6212327621,2,2,3,3,3,22333,186
982,NOLSM6182324618,2,2,3,3,3,22333,75
983,NOLSM3881510,2,2,3,3,3,22333,85
984,NOLSM3751424375,2,2,3,3,3,22333,215
985,NOLSM787304,2,2,3,3,3,22333,219
986,NOLSM13863,2,2,3,3,3,22333,102
987,NOLSM5372024,2,2,3,3,3,22333,90
988,NOLSM188726,2,2,3,3,3,22333,163
989,NOLSM8363126,2,2,3,3,3,22333,105
990,NOLSM6862611,2,2,3,3,3,22333,111
991,NOLSM6372416,2,2,3,3,3,22333,72
992,NOLSM2891119,2,2,3,3,3,22333,170
993,NOLSM4851826,2,2,3,3,3,22333,12
994,NOLSM39212,2,2,3,3,3,22333,129
995,NOLSM239923,2,2,3,3,3,22333,61
996,NOLSM135527135,2,2,3,3,3,22333,71
997,NOLSM129521129,2,2,3,3,3,22333,85
998,NOLSM5882221,2,2,3,3,3,22333,81
999,NOLSM3781427378,2,2,3,3,3,22333,75
1000,NOLSM3401316,2,2,3,3,3,22333,31
1001,NOLSM438176,2,2,3,3,3,22333,103
1002,NOLSM132524132,2,2,3,3,3,22333,127
1003,NOLSM628247628,2,3,1,1,1,23111,66
1004,NOLSM414169,2,3,1,1,1,23111,162
1005,NOLSM15115,2,3,1,1,1,23111,116
1006,NOLSM764298,2,3,1,1,1,23111,6
1007,NOLSM3141217,2,3,1,1,1,23111,242
1008,NOLSM385157385,2,3,1,1,1,23111,62
1009,NOLSM5622122,2,3,1,1,1,23111,144
1010,NOLSM5121926,2,3,1,1,1,23111,72
1011,NOLSM214825,2,3,1,1,1,23111,99
1012,NOLSM813313,2,3,1,1,1,23111,96
1013,NOLSM6632515,2,3,1,1,1,23111,204
1014,NOLSM2631020,2,3,1,1,1,23111,50
1015,NOLSM16573,2,3,1,1,1,23111,61
1016,NOLSM3661415,2,3,1,1,1,23111,127
1017,NOLSM13661136,2,3,1,1,1,23111,105
1018,NOLSM382154382,2,3,1,1,1,23111,89
1019,NOLSM13964139,2,3,1,1,1,23111,199
1020,NOLSM6142320,2,3,1,1,1,23111,105
1021,NOLSM7142712,2,3,1,1,1,23111,102
1022,NOLSM14267142,2,3,1,1,1,23111,147
1023,NOLSM622241622,2,3,1,1,1,23111,219
1024,NOLSM379151379,2,3,1,1,1,23111,70
1025,NOLSM11254,2,3,1,1,1,23111,116
1026,NOLSM65311,2,3,1,1,1,23111,87
1027,NOLSM625244625,2,3,1,1,1,23111,51
1028,NOLSM461182,2,3,1,1,1,23111,36
1029,NOLSM623242623,2,3,1,2,2,23122,63
1030,NOLSM380152380,2,3,1,2,2,23122,107
1031,NOLSM626245626,2,3,1,2,2,23122,81
1032,NOLSM629248629,2,3,1,2,2,23122,48
1033,NOLSM13762137,2,3,1,2,2,23122,103
1034,NOLSM14065140,2,3,1,2,2,23122,99
1035,NOLSM386158386,2,3,1,2,2,23122,125
1036,NOLSM14368143,2,3,1,2,2,23122,94
1037,NOLSM383155383,2,3,1,2,2,23122,138
1038,NOLSM40213,2,3,1,3,3,23133,132
1039,NOLSM189727,2,3,1,3,3,23133,187
1040,NOLSM384156384,2,3,1,3,3,23133,154
1041,NOLSM3411317,2,3,1,3,3,23133,238
1042,NOLSM381153381,2,3,1,3,3,23133,77
1043,NOLSM738289,2,3,1,3,3,23133,192
1044,NOLSM2901120,2,3,1,3,3,23133,121
1045,NOLSM788305,2,3,1,3,3,23133,135
1046,NOLSM8373127,2,3,1,3,3,23133,207
1047,NOLSM4861827,2,3,1,3,3,23133,108
1048,NOLSM6872612,2,3,1,3,3,23133,141
1049,NOLSM13964,2,3,1,3,3,23133,199
1050,NOLSM14469144,2,3,1,3,3,23133,70
1051,NOLSM14166141,2,3,1,3,3,23133,131
1052,NOLSM387159387,2,3,1,3,3,23133,129
1053,NOLSM627246627,2,3,1,3,3,23133,33
1054,NOLSM624243624,2,3,1,3,3,23133,57
1055,NOLSM13863138,2,3,1,3,3,23133,102
1056,NOLSM3891511,2,3,1,3,3,23133,132
1057,NOLSM630249630,2,3,1,3,3,23133,90
1058,NOLSM145610145,2,3,2,1,1,23211,103
1059,NOLSM6372416637,2,3,2,1,1,23211,72
1060,NOLSM148613148,2,3,2,1,1,23211,76
1061,NOLSM3911513391,2,3,2,1,1,23211,117
1062,NOLSM6342413634,2,3,2,1,1,23211,48
1063,NOLSM3881510388,2,3,2,1,1,23211,85
1064,NOLSM3941516394,2,3,2,1,1,23211,55
1065,NOLSM6312410631,2,3,2,1,1,23211,126
1066,NOLSM151616151,2,3,2,1,1,23211,68
1067,NOLSM3421318,2,3,2,2,2,23222,173
1068,NOLSM6382417638,2,3,2,2,2,23222,102
1069,NOLSM3921514392,2,3,2,2,2,23222,110
1070,NOLSM149614149,2,3,2,2,2,23222,82
1071,NOLSM152617152,2,3,2,2,2,23222,83
1072,NOLSM66312,2,3,2,2,2,23222,155
1073,NOLSM3891511389,2,3,2,2,2,23222,132
1074,NOLSM8948,2,3,2,2,2,23222,167
1075,NOLSM146611146,2,3,2,2,2,23222,116
1076,NOLSM2911121,2,3,2,2,2,23222,96
1077,NOLSM2641021,2,3,2,2,2,23222,81
1078,NOLSM6642516,2,3,2,2,2,23222,279
1079,NOLSM439177,2,3,2,2,2,23222,141
1080,NOLSM6382417,2,3,2,2,2,23222,102
1081,NOLSM5892222,2,3,2,2,2,23222,81
1082,NOLSM41214,2,3,2,2,2,23222,99
1083,NOLSM462183,2,3,2,2,2,23222,30
1084,NOLSM7392810,2,3,2,2,2,23222,72
1085,NOLSM6322411632,2,3,2,2,2,23222,84
1086,NOLSM7152713,2,3,2,2,2,23222,84
1087,NOLSM814314,2,3,2,2,2,23222,114
1088,NOLSM3951517395,2,3,2,2,2,23222,118
1089,NOLSM3671416,2,3,2,2,2,23222,202
1090,NOLSM3901512,2,3,2,2,2,23222,95
1091,NOLSM11355,2,3,2,2,2,23222,203
1092,NOLSM3151218,2,3,2,2,2,23222,98
1093,NOLSM838321,2,3,2,2,2,23222,96
1094,NOLSM5382025,2,3,2,2,2,23222,117
1095,NOLSM6152321,2,3,2,2,2,23222,123
1096,NOLSM16674,2,3,2,2,2,23222,60
1097,NOLSM6352414635,2,3,2,2,2,23222,15
1098,NOLSM16116,2,3,2,2,2,23222,124
1099,NOLSM487191,2,3,2,2,2,23222,51
1100,NOLSM19081,2,3,2,2,2,23222,110
1101,NOLSM5131927,2,3,2,2,2,23222,66
1102,NOLSM5632123,2,3,2,2,2,23222,159
1103,NOLSM4151610,2,3,2,2,2,23222,61
1104,NOLSM789306,2,3,2,2,2,23222,99
1105,NOLSM765299,2,3,2,2,2,23222,0
1106,NOLSM6882613,2,3,2,2,2,23222,240
1107,NOLSM14065,2,3,2,2,2,23222,99
1108,NOLSM240924,2,3,2,2,2,23222,68
1109,NOLSM215826,2,3,2,2,2,23222,105
1110,NOLSM3901512390,2,3,2,3,3,23233,95
1111,NOLSM3931515393,2,3,2,3,3,23233,88
1112,NOLSM147612147,2,3,2,3,3,23233,104
1113,NOLSM150615150,2,3,2,3,3,23233,106
1114,NOLSM6332412633,2,3,2,3,3,23233,30
1115,NOLSM6362415636,2,3,2,3,3,23233,150
1116,NOLSM153618153,2,3,2,3,3,23233,68
1117,NOLSM6392418639,2,3,2,3,3,23233,108
1118,NOLSM3961518396,2,3,2,3,3,23233,159
1119,NOLSM6392418,2,3,3,1,1,23311,108
1120,NOLSM2921122,2,3,3,1,1,23311,89
1121,NOLSM3971519397,2,3,3,1,1,23311,127
1122,NOLSM790307,2,3,3,1,1,23311,60
1123,NOLSM5902223,2,3,3,1,1,23311,87
1124,NOLSM3911513,2,3,3,1,1,23311,117
1125,NOLSM488192,2,3,3,1,1,23311,27
1126,NOLSM42215,2,3,3,1,1,23311,62
1127,NOLSM4031525403,2,3,3,1,1,23311,60
1128,NOLSM4001522400,2,3,3,1,1,23311,88
1129,NOLSM14166,2,3,3,1,1,23311,131
1130,NOLSM241925,2,3,3,1,1,23311,101
1131,NOLSM7402811,2,3,3,1,1,23311,57
1132,NOLSM6402419640,2,3,3,1,1,23311,51
1133,NOLSM839322,2,3,3,1,1,23311,117
1134,NOLSM6892614,2,3,3,1,1,23311,165
1135,NOLSM5392026,2,3,3,1,1,23311,66
1136,NOLSM3431319,2,3,3,1,1,23311,103
1137,NOLSM9049,2,3,3,1,1,23311,110
1138,NOLSM6462425646,2,3,3,1,1,23311,54
1139,NOLSM19182,2,3,3,1,1,23311,93
1140,NOLSM440178,2,3,3,1,1,23311,78
1141,NOLSM154619154,2,3,3,1,1,23311,69
1142,NOLSM157622157,2,3,3,1,1,23311,31
1143,NOLSM160625160,2,3,3,1,1,23311,120
1144,NOLSM6432422643,2,3,3,1,1,23311,54
1145,NOLSM4011523401,2,3,3,2,2,23322,79
1146,NOLSM155620155,2,3,3,2,2,23322,107
1147,NOLSM4041526404,2,3,3,2,2,23322,54
1148,NOLSM6412420641,2,3,3,2,2,23322,93
1149,NOLSM6442423644,2,3,3,2,2,23322,51
1150,NOLSM6472426647,2,3,3,2,2,23322,51
1151,NOLSM161626161,2,3,3,2,2,23322,135
1152,NOLSM3981520398,2,3,3,2,2,23322,69
1153,NOLSM158623158,2,3,3,2,2,23322,71
1154,NOLSM4161611,2,3,3,3,3,23333,118
1155,NOLSM4021524402,2,3,3,3,3,23333,92
1156,NOLSM67313,2,3,3,3,3,23333,84
1157,NOLSM815315,2,3,3,3,3,23333,54
1158,NOLSM216827,2,3,3,3,3,23333,81
1159,NOLSM159624159,2,3,3,3,3,23333,61
1160,NOLSM5642124,2,3,3,3,3,23333,96
1161,NOLSM17117,2,3,3,3,3,23333,71
1162,NOLSM156621156,2,3,3,3,3,23333,75
1163,NOLSM463184,2,3,3,3,3,23333,15
1164,NOLSM3991521399,2,3,3,3,3,23333,93
1165,NOLSM7162714,2,3,3,3,3,23333,57
1166,NOLSM162627162,2,3,3,3,3,23333,135
1167,NOLSM6482427648,2,3,3,3,3,23333,15
1168,NOLSM4051527405,2,3,3,3,3,23333,91
1169,NOLSM3161219,2,3,3,3,3,23333,108
1170,NOLSM2651022,2,3,3,3,3,23333,80
1171,NOLSM6422421642,2,3,3,3,3,23333,81
1172,NOLSM3681417,2,3,3,3,3,23333,84
1173,NOLSM6652517,2,3,3,3,3,23333,207
1174,NOLSM11456,2,3,3,3,3,23333,168
1175,NOLSM7662910,2,3,3,3,3,23333,21
1176,NOLSM16775,2,3,3,3,3,23333,105
1177,NOLSM6452424645,2,3,3,3,3,23333,111
1178,NOLSM514201,2,3,3,3,3,23333,96
1179,NOLSM6162322,2,3,3,3,3,23333,72
1180,NOLSM2931123,3,1,1,1,1,31111,110
1181,NOLSM6402419,3,1,1,1,1,31111,51
1182,NOLSM91410,3,1,1,1,1,31111,214
1183,NOLSM5912224,3,1,1,1,1,31111,120
1184,NOLSM441179,3,1,1,1,1,31111,205
1185,NOLSM19283,3,1,1,1,1,31111,106
1186,NOLSM43216,3,1,1,1,1,31111,125
1187,NOLSM489193,3,1,1,1,1,31111,51
1188,NOLSM409164409,3,1,1,1,1,31111,127
1189,NOLSM791308,3,1,1,1,1,31111,96
1190,NOLSM16977169,3,1,1,1,1,31111,112
1191,NOLSM649251649,3,1,1,1,1,31111,54
1192,NOLSM5402027,3,1,1,1,1,31111,102
1193,NOLSM7412812,3,1,1,1,1,31111,129
1194,NOLSM3441320,3,1,1,1,1,31111,174
1195,NOLSM406161406,3,1,1,1,1,31111,139
1196,NOLSM652254652,3,1,1,1,1,31111,48
1197,NOLSM840323,3,1,1,1,1,31111,60
1198,NOLSM655257655,3,1,1,1,1,31111,495
1199,NOLSM3921514,3,1,1,1,1,31111,110
1200,NOLSM14267,3,1,1,1,1,31111,147
1201,NOLSM16674166,3,1,1,1,1,31111,60
1202,NOLSM6902615,3,1,1,1,1,31111,168
1203,NOLSM16371163,3,1,1,1,1,31111,96
1204,NOLSM242926,3,1,1,1,1,31111,90
1205,NOLSM412167412,3,1,1,1,1,31111,234
1206,NOLSM407162407,3,1,1,2,2,31122,118
1207,NOLSM656258656,3,1,1,2,2,31122,477
1208,NOLSM413168413,3,1,1,2,2,31122,159
1209,NOLSM16472164,3,1,1,2,2,31122,79
1210,NOLSM650252650,3,1,1,2,2,31122,84
1211,NOLSM653255653,3,1,1,2,2,31122,15
1212,NOLSM16775167,3,1,1,2,2,31122,105
1213,NOLSM410165410,3,1,1,2,2,31122,57
1214,NOLSM17078170,3,1,1,2,2,31122,180
1215,NOLSM3171220,3,1,1,3,3,31133,112
1216,NOLSM414169414,3,1,1,3,3,31133,162
1217,NOLSM21791,3,1,1,3,3,31133,110
1218,NOLSM2661023,3,1,1,3,3,31133,72
1219,NOLSM18118,3,1,1,3,3,31133,83
1220,NOLSM17179171,3,1,1,3,3,31133,71
1221,NOLSM16876168,3,1,1,3,3,31133,118
1222,NOLSM16573165,3,1,1,3,3,31133,61
1223,NOLSM68314,3,1,1,3,3,31133,99
1224,NOLSM7672911,3,1,1,3,3,31133,6
1225,NOLSM4171612,3,1,1,3,3,31133,97
1226,NOLSM16876,3,1,1,3,3,31133,118
1227,NOLSM515202,3,1,1,3,3,31133,87
1228,NOLSM411166411,3,1,1,3,3,31133,136
1229,NOLSM3691418,3,1,1,3,3,31133,272
1230,NOLSM464185,3,1,1,3,3,31133,24
1231,NOLSM651253651,3,1,1,3,3,31133,30
1232,NOLSM654256654,3,1,1,3,3,31133,237
1233,NOLSM7172715,3,1,1,3,3,31133,54
1234,NOLSM816316,3,1,1,3,3,31133,84
1235,NOLSM657259657,3,1,1,3,3,31133,444
1236,NOLSM6662518,3,1,1,3,3,31133,198
1237,NOLSM5652125,3,1,1,3,3,31133,57
1238,NOLSM408163408,3,1,1,3,3,31133,187
1239,NOLSM6172323,3,1,1,3,3,31133,99
1240,NOLSM11557,3,1,1,3,3,31133,151
1241,NOLSM4181613418,3,1,2,1,1,31211,86
1242,NOLSM4211616421,3,1,2,1,1,31211,84
1243,NOLSM6612513661,3,1,2,1,1,31211,300
1244,NOLSM178716178,3,1,2,1,1,31211,72
1245,NOLSM175713175,3,1,2,1,1,31211,56
1246,NOLSM6582510658,3,1,2,1,1,31211,459
1247,NOLSM172710172,3,1,2,1,1,31211,97
1248,NOLSM6642516664,3,1,2,1,1,31211,279
1249,NOLSM4151610415,3,1,2,1,1,31211,61
1250,NOLSM243927,3,1,2,2,2,31222,223
1251,NOLSM2671024,3,1,2,2,2,31222,57
1252,NOLSM7422813,3,1,2,2,2,31222,117
1253,NOLSM21892,3,1,2,2,2,31222,115
1254,NOLSM4161611416,3,1,2,2,2,31222,118
1255,NOLSM4181613,3,1,2,2,2,31222,86
1256,NOLSM4191614419,3,1,2,2,2,31222,96
1257,NOLSM4221617422,3,1,2,2,2,31222,30
1258,NOLSM3701419,3,1,2,2,2,31222,76
1259,NOLSM7682912,3,1,2,2,2,31222,6
1260,NOLSM6912616,3,1,2,2,2,31222,186
1261,NOLSM490194,3,1,2,2,2,31222,117
1262,NOLSM179717179,3,1,2,2,2,31222,81
1263,NOLSM92411,3,1,2,2,2,31222,64
1264,NOLSM176714176,3,1,2,2,2,31222,112
1265,NOLSM541211,3,1,2,2,2,31222,120
1266,NOLSM5662126,3,1,2,2,2,31222,126
1267,NOLSM841324,3,1,2,2,2,31222,78
1268,NOLSM6672519,3,1,2,2,2,31222,246
1269,NOLSM516203,3,1,2,2,2,31222,93
1270,NOLSM173711173,3,1,2,2,2,31222,91
1271,NOLSM6652517665,3,1,2,2,2,31222,207
1272,NOLSM5922225,3,1,2,2,2,31222,114
1273,NOLSM44217,3,1,2,2,2,31222,97
1274,NOLSM16977,3,1,2,2,2,31222,112
1275,NOLSM6622514662,3,1,2,2,2,31222,195
1276,NOLSM465186,3,1,2,2,2,31222,33
1277,NOLSM817317,3,1,2,2,2,31222,30
1278,NOLSM14368,3,1,2,2,2,31222,94
1279,NOLSM3181221,3,1,2,2,2,31222,50
1280,NOLSM6182324,3,1,2,2,2,31222,75
1281,NOLSM6592511659,3,1,2,2,2,31222,336
1282,NOLSM11658,3,1,2,2,2,31222,79
1283,NOLSM19384,3,1,2,2,2,31222,106
1284,NOLSM19119,3,1,2,2,2,31222,95
1285,NOLSM6632515663,3,1,2,3,3,31233,204
1286,NOLSM4201615420,3,1,2,3,3,31233,54
1287,NOLSM180718180,3,1,2,3,3,31233,200
1288,NOLSM4171612417,3,1,2,3,3,31233,97
1289,NOLSM6602512660,3,1,2,3,3,31233,228
1290,NOLSM4231618423,3,1,2,3,3,31233,48
1291,NOLSM6662518666,3,1,2,3,3,31233,198
1292,NOLSM177715177,3,1,2,3,3,31233,92
1293,NOLSM174712174,3,1,2,3,3,31233,92
1294,NOLSM466187,3,1,3,1,1,31311,15
1295,NOLSM3191222,3,1,3,1,1,31311,83
1296,NOLSM184722184,3,1,3,1,1,31311,101
1297,NOLSM6192325,3,1,3,1,1,31311,225
1298,NOLSM21993,3,1,3,1,1,31311,137
1299,NOLSM4271622427,3,1,3,1,1,31311,259
1300,NOLSM2681025,3,1,3,1,1,31311,52
1301,NOLSM17078,3,1,3,1,1,31311,180
1302,NOLSM187725187,3,1,3,1,1,31311,66
1303,NOLSM4241619424,3,1,3,1,1,31311,15
1304,NOLSM6672519667,3,1,3,1,1,31311,246
1305,NOLSM7182716,3,1,3,1,1,31311,51
1306,NOLSM4301625430,3,1,3,1,1,31311,57
1307,NOLSM11759,3,1,3,1,1,31311,117
1308,NOLSM181719181,3,1,3,1,1,31311,136
1309,NOLSM6702522670,3,1,3,1,1,31311,156
1310,NOLSM5672127,3,1,3,1,1,31311,117
1311,NOLSM6682520,3,1,3,1,1,31311,165
1312,NOLSM4191614,3,1,3,1,1,31311,96
1313,NOLSM517204,3,1,3,1,1,31311,45
1314,NOLSM69315,3,1,3,1,1,31311,193
1315,NOLSM20120,3,1,3,1,1,31311,92
1316,NOLSM3711420,3,1,3,1,1,31311,95
1317,NOLSM6732525673,3,1,3,1,1,31311,84
1318,NOLSM7692913,3,1,3,1,1,31311,15
1319,NOLSM818318,3,1,3,1,1,31311,48
1320,NOLSM6682520668,3,1,3,2,2,31322,165
1321,NOLSM188726188,3,1,3,2,2,31322,163
1322,NOLSM6742526674,3,1,3,2,2,31322,66
1323,NOLSM4251620425,3,1,3,2,2,31322,148
1324,NOLSM4281623428,3,1,3,2,2,31322,98
1325,NOLSM6712523671,3,1,3,2,2,31322,492
1326,NOLSM4311626431,3,1,3,2,2,31322,49
1327,NOLSM182720182,3,1,3,2,2,31322,123
1328,NOLSM185723185,3,1,3,2,2,31322,78
1329,NOLSM4321627432,3,1,3,3,3,31333,152
1330,NOLSM542212,3,1,3,3,3,31333,111
1331,NOLSM14469,3,1,3,3,3,31333,70
1332,NOLSM244101,3,1,3,3,3,31333,97
1333,NOLSM491195,3,1,3,3,3,31333,48
1334,NOLSM6922617,3,1,3,3,3,31333,159
1335,NOLSM183721183,3,1,3,3,3,31333,112
1336,NOLSM6692521669,3,1,3,3,3,31333,114
1337,NOLSM3931515,3,1,3,3,3,31333,88
1338,NOLSM189727189,3,1,3,3,3,31333,187
1339,NOLSM4291624429,3,1,3,3,3,31333,70
1340,NOLSM6752527675,3,1,3,3,3,31333,138
1341,NOLSM19485,3,1,3,3,3,31333,53
1342,NOLSM4421710,3,1,3,3,3,31333,72
1343,NOLSM2941124,3,1,3,3,3,31333,118
1344,NOLSM842325,3,1,3,3,3,31333,57
1345,NOLSM45218,3,1,3,3,3,31333,62
1346,NOLSM5932226,3,1,3,3,3,31333,72
1347,NOLSM7432814,3,1,3,3,3,31333,81
1348,NOLSM6722524672,3,1,3,3,3,31333,42
1349,NOLSM792309,3,1,3,3,3,31333,72
1350,NOLSM93412,3,1,3,3,3,31333,140
1351,NOLSM6412420,3,1,3,3,3,31333,93
1352,NOLSM4261621426,3,1,3,3,3,31333,98
1353,NOLSM186724186,3,1,3,3,3,31333,71
1354,NOLSM3451321,3,1,3,3,3,31333,177
1355,NOLSM7192717,3,2,1,1,1,32111,54
1356,NOLSM568221,3,2,1,1,1,32111,93
1357,NOLSM682267682,3,2,1,1,1,32111,54
1358,NOLSM6202326,3,2,1,1,1,32111,51
1359,NOLSM439177439,3,2,1,1,1,32111,141
1360,NOLSM819319,3,2,1,1,1,32111,15
1361,NOLSM118510,3,2,1,1,1,32111,119
1362,NOLSM3721421,3,2,1,1,1,32111,184
1363,NOLSM7702914,3,2,1,1,1,32111,102
1364,NOLSM21121,3,2,1,1,1,32111,255
1365,NOLSM436174436,3,2,1,1,1,32111,71
1366,NOLSM467188,3,2,1,1,1,32111,9
1367,NOLSM17179,3,2,1,1,1,32111,71
1368,NOLSM3201223,3,2,1,1,1,32111,102
1369,NOLSM70316,3,2,1,1,1,32111,70
1370,NOLSM4201615,3,2,1,1,1,32111,115
1371,NOLSM6692521,3,2,1,1,1,32111,114
1372,NOLSM2691026,3,2,1,1,1,32111,51
1373,NOLSM19687196,3,2,1,1,1,32111,147
1374,NOLSM433171433,3,2,1,1,1,32111,140
1375,NOLSM19384193,3,2,1,1,1,32111,106
1376,NOLSM679264679,3,2,1,1,1,32111,129
1377,NOLSM19081190,3,2,1,1,1,32111,110
1378,NOLSM22094,3,2,1,1,1,32111,163
1379,NOLSM518205,3,2,1,1,1,32111,69
1380,NOLSM676261676,3,2,1,1,1,32111,156
1381,NOLSM677262677,3,2,1,2,2,32122,102
1382,NOLSM683268683,3,2,1,2,2,32122,84
1383,NOLSM680265680,3,2,1,2,2,32122,93
1384,NOLSM434172434,3,2,1,2,2,32122,96
1385,NOLSM19788197,3,2,1,2,2,32122,78
1386,NOLSM19182191,3,2,1,2,2,32122,93
1387,NOLSM440178440,3,2,1,2,2,32122,78
1388,NOLSM19485194,3,2,1,2,2,32122,53
1389,NOLSM437175437,3,2,1,2,2,32122,50
1390,NOLSM6422421,3,2,1,3,3,32133,81
1391,NOLSM19283192,3,2,1,3,3,32133,106
1392,NOLSM678263678,3,2,1,3,3,32133,147
1393,NOLSM19586195,3,2,1,3,3,32133,111
1394,NOLSM3461322,3,2,1,3,3,32133,28
1395,NOLSM19889198,3,2,1,3,3,32133,128
1396,NOLSM7933010,3,2,1,3,3,32133,9
1397,NOLSM5942227,3,2,1,3,3,32133,78
1398,NOLSM7442815,3,2,1,3,3,32133,144
1399,NOLSM46219,3,2,1,3,3,32133,157
1400,NOLSM2951125,3,2,1,3,3,32133,187
1401,NOLSM19586,3,2,1,3,3,32133,111
1402,NOLSM843326,3,2,1,3,3,32133,69
1403,NOLSM543213,3,2,1,3,3,32133,54
1404,NOLSM94413,3,2,1,3,3,32133,56
1405,NOLSM4431711,3,2,1,3,3,32133,113
1406,NOLSM145610,3,2,1,3,3,32133,103
1407,NOLSM681266681,3,2,1,3,3,32133,120
1408,NOLSM245102,3,2,1,3,3,32133,105
1409,NOLSM492196,3,2,1,3,3,32133,57
1410,NOLSM6932618,3,2,1,3,3,32133,126
1411,NOLSM3941516,3,2,1,3,3,32133,55
1412,NOLSM441179441,3,2,1,3,3,32133,205
1413,NOLSM684269684,3,2,1,3,3,32133,30
1414,NOLSM438176438,3,2,1,3,3,32133,103
1415,NOLSM435173435,3,2,1,3,3,32133,54
1416,NOLSM4451713445,3,2,2,1,1,32211,123
1417,NOLSM205816205,3,2,2,1,1,32211,97
1418,NOLSM202813202,3,2,2,1,1,32211,113
1419,NOLSM199810199,3,2,2,1,1,32211,96
1420,NOLSM6912616691,3,2,2,1,1,32211,186
1421,NOLSM4421710442,3,2,2,1,1,32211,72
1422,NOLSM6852610685,3,2,2,1,1,32211,48
1423,NOLSM4481716448,3,2,2,1,1,32211,89
1424,NOLSM6882613688,3,2,2,1,1,32211,240
1425,NOLSM844327,3,2,2,2,2,32222,117
1426,NOLSM544214,3,2,2,2,2,32222,114
1427,NOLSM246103,3,2,2,2,2,32222,164
1428,NOLSM47220,3,2,2,2,2,32222,184
1429,NOLSM6212327,3,2,2,2,2,32222,186
1430,NOLSM95414,3,2,2,2,2,32222,110
1431,NOLSM7943011,3,2,2,2,2,32222,72
1432,NOLSM3211224,3,2,2,2,2,32222,86
1433,NOLSM2701027,3,2,2,2,2,32222,104
1434,NOLSM71317,3,2,2,2,2,32222,95
1435,NOLSM595231,3,2,2,2,2,32222,87
1436,NOLSM22122,3,2,2,2,2,32222,99
1437,NOLSM6432422,3,2,2,2,2,32222,54
1438,NOLSM3731422,3,2,2,2,2,32222,84
1439,NOLSM200811200,3,2,2,2,2,32222,107
1440,NOLSM206817206,3,2,2,2,2,32222,128
1441,NOLSM4491717449,3,2,2,2,2,32222,78
1442,NOLSM4461714446,3,2,2,2,2,32222,77
1443,NOLSM4431711443,3,2,2,2,2,32222,113
1444,NOLSM7452816,3,2,2,2,2,32222,138
1445,NOLSM22195,3,2,2,2,2,32222,167
1446,NOLSM4211616,3,2,2,2,2,32222,118
1447,NOLSM6942619,3,2,2,2,2,32222,150
1448,NOLSM8203110,3,2,2,2,2,32222,9
1449,NOLSM493197,3,2,2,2,2,32222,93
1450,NOLSM172710,3,2,2,2,2,32222,97
1451,NOLSM3471323,3,2,2,2,2,32222,134
1452,NOLSM569222,3,2,2,2,2,32222,102
1453,NOLSM2961126,3,2,2,2,2,32222,117
1454,NOLSM146611,3,2,2,2,2,32222,116
1455,NOLSM468189,3,2,2,2,2,32222,24
1456,NOLSM119511,3,2,2,2,2,32222,235
1457,NOLSM519206,3,2,2,2,2,32222,69
1458,NOLSM6702522,3,2,2,2,2,32222,156
1459,NOLSM6862611686,3,2,2,2,2,32222,15
1460,NOLSM19687,3,2,2,2,2,32222,147
1461,NOLSM6922617692,3,2,2,2,2,32222,159
1462,NOLSM6892614689,3,2,2,2,2,32222,165
1463,NOLSM4441712,3,2,2,2,2,32222,68
1464,NOLSM203814203,3,2,2,2,2,32222,192
1465,NOLSM7202718,3,2,2,2,2,32222,132
1466,NOLSM7712915,3,2,2,2,2,32222,45
1467,NOLSM3951517,3,2,2,2,2,32222,118
1468,NOLSM201812201,3,2,2,3,3,32233,92
1469,NOLSM6902615690,3,2,2,3,3,32233,168
1470,NOLSM6932618693,3,2,2,3,3,32233,126
1471,NOLSM6872612687,3,2,2,3,3,32233,141
1472,NOLSM4441712444,3,2,2,3,3,32233,68
1473,NOLSM4471715447,3,2,2,3,3,32233,42
1474,NOLSM207818207,3,2,2,3,3,32233,88
1475,NOLSM4501718450,3,2,2,3,3,32233,69
1476,NOLSM204815204,3,2,2,3,3,32233,73
1477,NOLSM3961518,3,2,3,1,1,32311,159
1478,NOLSM7953012,3,2,3,1,1,32311,30
1479,NOLSM7462817,3,2,3,1,1,32311,171
1480,NOLSM214825214,3,2,3,1,1,32311,99
1481,NOLSM2971127,3,2,3,1,1,32311,76
1482,NOLSM48221,3,2,3,1,1,32311,128
1483,NOLSM19788,3,2,3,1,1,32311,78
1484,NOLSM4451713,3,2,3,1,1,32311,123
1485,NOLSM845328,3,2,3,1,1,32311,42
1486,NOLSM208819208,3,2,3,1,1,32311,114
1487,NOLSM211822211,3,2,3,1,1,32311,282
1488,NOLSM4541722454,3,2,3,1,1,32311,46
1489,NOLSM596232,3,2,3,1,1,32311,96
1490,NOLSM6442423,3,2,3,1,1,32311,51
1491,NOLSM6972622697,3,2,3,1,1,32311,81
1492,NOLSM7002625700,3,2,3,1,1,32311,150
1493,NOLSM147612,3,2,3,1,1,32311,104
1494,NOLSM494198,3,2,3,1,1,32311,75
1495,NOLSM3481324,3,2,3,1,1,32311,129
1496,NOLSM6952620,3,2,3,1,1,32311,84
1497,NOLSM96415,3,2,3,1,1,32311,115
1498,NOLSM247104,3,2,3,1,1,32311,82
1499,NOLSM4511719451,3,2,3,1,1,32311,122
1500,NOLSM4571725457,3,2,3,1,1,32311,123
1501,NOLSM545215,3,2,3,1,1,32311,117
1502,NOLSM6942619694,3,2,3,1,1,32311,150
1503,NOLSM212823212,3,2,3,2,2,32322,50
1504,NOLSM209820209,3,2,3,2,2,32322,86
1505,NOLSM4521720452,3,2,3,2,2,32322,161
1506,NOLSM215826215,3,2,3,2,2,32322,105
1507,NOLSM4551723455,3,2,3,2,2,32322,89
1508,NOLSM7012626701,3,2,3,2,2,32322,156
1509,NOLSM6982623698,3,2,3,2,2,32322,96
1510,NOLSM4581726458,3,2,3,2,2,32322,77
1511,NOLSM6952620695,3,2,3,2,2,32322,84
1512,NOLSM271111,3,2,3,3,3,32333,221
1513,NOLSM3221225,3,2,3,3,3,32333,136
1514,NOLSM570223,3,2,3,3,3,32333,108
1515,NOLSM622241,3,2,3,3,3,32333,219
1516,NOLSM6712523,3,2,3,3,3,32333,492
1517,NOLSM7022627702,3,2,3,3,3,32333,57
1518,NOLSM120512,3,2,3,3,3,32333,126
1519,NOLSM6962621696,3,2,3,3,3,32333,150
1520,NOLSM23123,3,2,3,3,3,32333,117
1521,NOLSM4591727459,3,2,3,3,3,32333,129
1522,NOLSM4561724456,3,2,3,3,3,32333,121
1523,NOLSM4531721453,3,2,3,3,3,32333,68
1524,NOLSM22296,3,2,3,3,3,32333,183
1525,NOLSM216827216,3,2,3,3,3,32333,81
1526,NOLSM213824213,3,2,3,3,3,32333,82
1527,NOLSM6992624699,3,2,3,3,3,32333,105
1528,NOLSM210821210,3,2,3,3,3,32333,72
1529,NOLSM72318,3,2,3,3,3,32333,142
1530,NOLSM148613,3,3,1,1,1,33111,76
1531,NOLSM6452424,3,3,1,1,1,33111,111
1532,NOLSM495199,3,3,1,1,1,33111,45
1533,NOLSM7963013,3,3,1,1,1,33111,33
1534,NOLSM3491325,3,3,1,1,1,33111,78
1535,NOLSM22397223,3,3,1,1,1,33111,75
1536,NOLSM466187466,3,3,1,1,1,33111,15
1537,NOLSM21791217,3,3,1,1,1,33111,110
1538,NOLSM6962621,3,3,1,1,1,33111,150
1539,NOLSM298121,3,3,1,1,1,33111,68
1540,NOLSM463184463,3,3,1,1,1,33111,15
1541,NOLSM4461714,3,3,1,1,1,33111,77
1542,NOLSM460181460,3,3,1,1,1,33111,48
1543,NOLSM19889,3,3,1,1,1,33111,128
1544,NOLSM22094220,3,3,1,1,1,33111,163
1545,NOLSM703271703,3,3,1,1,1,33111,666
1546,NOLSM7472818,3,3,1,1,1,33111,129
1547,NOLSM546216,3,3,1,1,1,33111,141
1548,NOLSM248105,3,3,1,1,1,33111,24
1549,NOLSM597233,3,3,1,1,1,33111,24
1550,NOLSM3971519,3,3,1,1,1,33111,127
1551,NOLSM706274706,3,3,1,1,1,33111,54
1552,NOLSM97416,3,3,1,1,1,33111,64
1553,NOLSM709277709,3,3,1,1,1,33111,48
1554,NOLSM846329,3,3,1,1,1,33111,84
1555,NOLSM49222,3,3,1,1,1,33111,171
1556,NOLSM464185464,3,3,1,2,2,33122,24
1557,NOLSM21892218,3,3,1,2,2,33122,115
1558,NOLSM704272704,3,3,1,2,2,33122,72
1559,NOLSM461182461,3,3,1,2,2,33122,36
1560,NOLSM707275707,3,3,1,2,2,33122,84
1561,NOLSM22498224,3,3,1,2,2,33122,75
1562,NOLSM467188467,3,3,1,2,2,33122,9
1563,NOLSM710278710,3,3,1,2,2,33122,15
1564,NOLSM22195221,3,3,1,2,2,33122,167
1565,NOLSM7212719,3,3,1,3,3,33133,147
1566,NOLSM3741423,3,3,1,3,3,33133,120
1567,NOLSM465186465,3,3,1,3,3,33133,33
1568,NOLSM711279711,3,3,1,3,3,33133,156
1569,NOLSM708276708,3,3,1,3,3,33133,30
1570,NOLSM468189468,3,3,1,3,3,33133,24
1571,NOLSM705273705,3,3,1,3,3,33133,66
1572,NOLSM462183462,3,3,1,3,3,33133,30
1573,NOLSM8213111,3,3,1,3,3,33133,111
1574,NOLSM4691810,3,3,1,3,3,33133,60
1575,NOLSM520207,3,3,1,3,3,33133,48
1576,NOLSM571224,3,3,1,3,3,33133,99
1577,NOLSM7722916,3,3,1,3,3,33133,78
1578,NOLSM4221617,3,3,1,3,3,33133,79
1579,NOLSM73319,3,3,1,3,3,33133,115
1580,NOLSM22397,3,3,1,3,3,33133,75
1581,NOLSM3231226,3,3,1,3,3,33133,122
1582,NOLSM24124,3,3,1,3,3,33133,130
1583,NOLSM6722524,3,3,1,3,3,33133,42
1584,NOLSM121513,3,3,1,3,3,33133,62
1585,NOLSM623242,3,3,1,3,3,33133,63
1586,NOLSM21993219,3,3,1,3,3,33133,137
1587,NOLSM272112,3,3,1,3,3,33133,84
1588,NOLSM22296222,3,3,1,3,3,33133,183
1589,NOLSM22599225,3,3,1,3,3,33133,106
1590,NOLSM173711,3,3,1,3,3,33133,91
1591,NOLSM229913229,3,3,2,1,1,33211,132
1592,NOLSM232916232,3,3,2,1,1,33211,114
1593,NOLSM7182716718,3,3,2,1,1,33211,51
1594,NOLSM226910226,3,3,2,1,1,33211,96
1595,NOLSM7152713715,3,3,2,1,1,33211,84
1596,NOLSM4691810469,3,3,2,1,1,33211,60
1597,NOLSM7122710712,3,3,2,1,1,33211,93
1598,NOLSM4751816475,3,3,2,1,1,33211,84
1599,NOLSM4721813472,3,3,2,1,1,33211,54
1600,NOLSM7162714716,3,3,2,2,2,33222,57
1601,NOLSM521208,3,3,2,2,2,33222,24
1602,NOLSM572225,3,3,2,2,2,33222,72
1603,NOLSM8473210,3,3,2,2,2,33222,105
1604,NOLSM7132711713,3,3,2,2,2,33222,60
1605,NOLSM50223,3,3,2,2,2,33222,59
1606,NOLSM6462425,3,3,2,2,2,33222,54
1607,NOLSM3241227,3,3,2,2,2,33222,217
1608,NOLSM149614,3,3,2,2,2,33222,82
1609,NOLSM598234,3,3,2,2,2,33222,75
1610,NOLSM547217,3,3,2,2,2,33222,60
1611,NOLSM25125,3,3,2,2,2,33222,70
1612,NOLSM4961910,3,3,2,2,2,33222,96
1613,NOLSM624243,3,3,2,2,2,33222,57
1614,NOLSM6972622,3,3,2,2,2,33222,81
1615,NOLSM7192717719,3,3,2,2,2,33222,54
1616,NOLSM122514,3,3,2,2,2,33222,39
1617,NOLSM3501326,3,3,2,2,2,33222,60
1618,NOLSM273113,3,3,2,2,2,33222,56
1619,NOLSM230914230,3,3,2,2,2,33222,127
1620,NOLSM233917233,3,3,2,2,2,33222,130
1621,NOLSM199810,3,3,2,2,2,33222,96
1622,NOLSM7482819,3,3,2,2,2,33222,87
1623,NOLSM4761817476,3,3,2,2,2,33222,30
1624,NOLSM4701811,3,3,2,2,2,33222,39
1625,NOLSM4471715,3,3,2,2,2,33222,42
1626,NOLSM174712,3,3,2,2,2,33222,92
1627,NOLSM227911227,3,3,2,2,2,33222,94
1628,NOLSM4731814473,3,3,2,2,2,33222,87
1629,NOLSM4231618,3,3,2,2,2,33222,80
1630,NOLSM7732917,3,3,2,2,2,33222,78
1631,NOLSM4701811470,3,3,2,2,2,33222,39
1632,NOLSM3981520,3,3,2,2,2,33222,69
1633,NOLSM7973014,3,3,2,2,2,33222,57
1634,NOLSM7172715717,3,3,2,3,3,33233,54
1635,NOLSM228912228,3,3,2,3,3,33233,193
1636,NOLSM4741815474,3,3,2,3,3,33233,54
1637,NOLSM7142712714,3,3,2,3,3,33233,102
1638,NOLSM4771818477,3,3,2,3,3,33233,48
1639,NOLSM4711812471,3,3,2,3,3,33233,24
1640,NOLSM231915231,3,3,2,3,3,33233,90
1641,NOLSM7202718720,3,3,2,3,3,33233,132
1642,NOLSM234918234,3,3,2,3,3,33233,115
1643,NOLSM522209,3,3,3,1,1,33311,39
1644,NOLSM274114,3,3,3,1,1,33311,37
1645,NOLSM625244,3,3,3,1,1,33311,51
1646,NOLSM235919235,3,3,3,1,1,33311,57
1647,NOLSM238922238,3,3,3,1,1,33311,145
1648,NOLSM26126,3,3,3,1,1,33311,90
1649,NOLSM241925241,3,3,3,1,1,33311,101
1650,NOLSM22498,3,3,3,1,1,33311,75
1651,NOLSM4241619,3,3,3,1,1,33311,202
1652,NOLSM74320,3,3,3,1,1,33311,64
1653,NOLSM7742918,3,3,3,1,1,33311,102
1654,NOLSM573226,3,3,3,1,1,33311,102
1655,NOLSM123515,3,3,3,1,1,33311,98
1656,NOLSM6732525,3,3,3,1,1,33311,84
1657,NOLSM3751424,3,3,3,1,1,33311,215
1658,NOLSM7242722724,3,3,3,1,1,33311,96
1659,NOLSM325131,3,3,3,1,1,33311,141
1660,NOLSM7272725727,3,3,3,1,1,33311,54
1661,NOLSM4711812,3,3,3,1,1,33311,24
1662,NOLSM4781819478,3,3,3,1,1,33311,15
1663,NOLSM175713,3,3,3,1,1,33311,56
1664,NOLSM7212719721,3,3,3,1,1,33311,147
1665,NOLSM7222720,3,3,3,1,1,33311,99
1666,NOLSM4811822481,3,3,3,1,1,33311,21
1667,NOLSM8223112,3,3,3,1,1,33311,129
1668,NOLSM4841825484,3,3,3,1,1,33311,57
1669,NOLSM239923239,3,3,3,2,2,33322,61
1670,NOLSM7222720722,3,3,3,2,2,33322,99
1671,NOLSM236920236,3,3,3,2,2,33322,78
1672,NOLSM4851826485,3,3,3,2,2,33322,12
1673,NOLSM7282726728,3,3,3,2,2,33322,84
1674,NOLSM4821823482,3,3,3,2,2,33322,15
1675,NOLSM7252723725,3,3,3,2,2,33322,81
1676,NOLSM4791820479,3,3,3,2,2,33322,81
1677,NOLSM242926242,3,3,3,2,2,33322,90
1678,NOLSM7232721723,3,3,3,3,3,33333,108
1679,NOLSM3991521,3,3,3,3,3,33333,93
1680,NOLSM51224,3,3,3,3,3,33333,42
1681,NOLSM7262724726,3,3,3,3,3,33333,57
1682,NOLSM249106,3,3,3,3,3,33333,229
1683,NOLSM8483211,3,3,3,3,3,33333,78
1684,NOLSM7983015,3,3,3,3,3,33333,57
1685,NOLSM243927243,3,3,3,3,3,33333,223
1686,NOLSM4481716,3,3,3,3,3,33333,89
1687,NOLSM548218,3,3,3,3,3,33333,120
1688,NOLSM150615,3,3,3,3,3,33333,106
1689,NOLSM7292727729,3,3,3,3,3,33333,30
1690,NOLSM4971911,3,3,3,3,3,33333,207
1691,NOLSM299122,3,3,3,3,3,33333,142
1692,NOLSM6982623,3,3,3,3,3,33333,96
1693,NOLSM7492820,3,3,3,3,3,33333,132
1694,NOLSM599235,3,3,3,3,3,33333,138
1695,NOLSM4801821480,3,3,3,3,3,33333,63
1696,NOLSM4831824483,3,3,3,3,3,33333,45
1697,NOLSM4861827486,3,3,3,3,3,33333,108
1698,NOLSM237921237,3,3,3,3,3,33333,124
1699,NOLSM3511327,3,3,3,3,3,33333,74
1700,NOLSM200811,3,3,3,3,3,33333,107
1701,NOLSM240924240,3,3,3,3,3,33333,68
1702,NOLSM6472426,3,3,3,3,3,33333,51
1703,NOLSM98417,3,3,3,3,3,33333,78
