PLATE_NO,ROLLING_DATE,SCALE,SPEC,STEEL_KIND,PT_THK,PT_WDTH,PT_LTH,PT_WGT,FUR_NO,FUR_NO_ROW,FUR_HZ_TEMP,FUR_HZ_TIME,FUR_SZ_TEMP,FUR_SZ_TIME,FUR_TIME,FUR_EXTEMP,ROLLING_TEMP_T5,HSB,ROLLING_DESCALING,WORK_GR
PB562774,2008-08-01:00:00:15,양품,AB/EH32-TM,T1,32.25,3707,15109,14180,1호기,1,1144,116,1133,59,282,1125,934,적용,8,2조
PB562775,2008-08-01:00:00:16,양품,AB/EH32-TM,T1,32.25,3707,15109,14180,1호기,2,1144,122,1135,53,283,1120,937,적용,8,2조
PB562776,2008-08-01:00:00:59,양품,NV-E36-TM,T8,33.27,3619,19181,18130,2호기,1,1129,116,1121,55,282,1106,889,적용,8,3조
PB562777,2008-08-01:00:01:24,양품,NV-E36-TM,T8,33.27,3619,19181,18130,2호기,2,1152,125,1127,68,316,1113,885,적용,8,3조
PB562778,2008-08-01:00:01:44,양품,BV-EH36-TM,T8,38.33,3098,13334,12430,3호기,1,1140,134,1128,48,314,1118,873,적용,8,1조
PB562779,2008-08-01:00:02:06,양품,BV-EH36-TM,T8,38.33,3098,13334,12430,3호기,2,1143,127,1128,57,314,1120,874,적용,8,4조
PB562780,2008-08-01:00:02:28,양품,BV-EH36-TM,T8,38.33,3099,16719,15590,1호기,1,1138,126,1130,50,289,1118,878,적용,8,2조
PB562781,2008-08-01:00:02:21,양품,BV-EH36-TM,T8,38.33,3099,16719,15590,1호기,2,1139,126,1131,52,294,1119,870,적용,8,4조
PB562782,2008-08-01:00:02:51,양품,BV-EH36-TM,T8,38.33,3099,16719,15590,2호기,1,1127,126,1122,52,293,1112,873,적용,8,1조
PB562783,2008-08-01:00:03:15,양품,COMMON,T8,38.43,3129,16187,15280,2호기,2,1135,119,1124,73,298,1110,881,적용,8,4조
PB562784,2008-08-01:00:03:24,양품,COMMON,T8,38.43,3129,16187,15280,3호기,1,1127,134,1123,58,297,1116,869,적용,8,2조
PB562785,2008-08-01:00:04:15,불량,COMMON,T8,38.43,3129,16187,30560,3호기,2,1131,120,1125,68,299,1115,1057,적용,8,2조
PB562786,2008-08-01:00:04:20,양품,COMMON,T8,38.43,3129,16187,15280,1호기,1,1132,125,1127,62,290,1120,820,적용,8,3조
PB562787,2008-08-01:00:05:47,양품,COMMON,T0,30.23,1940,34797,16020,1호기,2,1119,130,1120,65,324,1112,926,적용,8,4조
PB562788,2008-08-01:00:05:25,양품,GL-E32-TM,T1,34.28,2207,30543,18140,2호기,1,1119,126,1119,72,311,1110,931,적용,8,3조
PB562789,2008-08-01:00:05:16,불량,GL-E32-TM,T1,50.46,2185,21767,37680,3호기,1,1127,127,1123,71,312,1109,929,적용,5,2조
PB562790,2008-08-01:01:10:14,양품,GL-E32-TM,T1,50.46,2200,21756,37920,2호기,2,1134,127,1124,92,329,1113,929,적용,6,2조
PB562791,2008-08-01:01:10:14,양품,GL-E32-TM,T1,50.46,2200,21756,37920,3호기,2,1124,117,1124,87,315,1119,929,적용,6,3조
PB562792,2008-08-01:01:10:44,양품,GL-E32-TM,T1,50.46,2200,21756,37920,1호기,1,1129,122,1125,78,313,1120,925,적용,6,2조
PB562793,2008-08-01:01:11:01,양품,GL-E32-TM,T1,50.46,2200,21756,37920,2호기,2,1124,54,1127,78,312,1112,928,적용,6,2조
PB562794,2008-08-01:01:11:08,양품,BV-EH36-TM,T8,50.46,2000,24500,38820,1호기,2,1110,123,1116,81,334,1105,860,적용,6,1조
PB562795,2008-08-01:01:12:45,양품,GL-E36-TM,T8,44.39,2040,27501,39100,2호기,1,1114,64,1120,82,335,1113,836,적용,6,4조
PB562796,2008-08-01:01:12:49,양품,GL-E36-TM,T8,44.39,2040,27501,39100,3호기,1,1113,124,1120,82,334,1113,832,적용,6,1조
PB562797,2008-08-01:01:13:47,양품,GL-E36-TM,T8,48.44,2095,24490,39020,3호기,2,1118,71,1124,86,336,1113,832,적용,6,3조
PB562798,2008-08-01:01:13:05,양품,GL-E36-TM,T8,48.44,2095,24490,39020,1호기,1,1117,69,1120,88,347,1114,832,적용,6,3조
PB562799,2008-08-01:01:14:20,양품,GL-E36-TM,T8,48.44,2000,25588,38920,1호기,2,1108,62,1117,97,351,1109,841,적용,6,3조
PB562800,2008-08-01:01:14:53,양품,COMMON,T1,45.4,2150,18453,14140,2호기,1,1123,62,1123,101,332,1115,933,적용,6,1조
PB562801,2008-08-01:01:14:25,양품,COMMON,T1,45.4,2150,18453,14140,2호기,2,1132,70,1126,95,344,1117,933,적용,6,1조
PB562802,2008-08-01:01:15:39,양품,COMMON,T1,45.4,2150,18453,14140,3호기,1,1129,43,1125,109,335,1112,937,적용,6,4조
PB562803,2008-08-01:01:15:14,양품,COMMON,T1,45.4,2090,18419,13720,3호기,2,1134,70,1127,94,335,1115,930,적용,6,1조
PB562804,2008-08-01:01:15:59,양품,COMMON,T1,45.4,2090,18419,13720,1호기,1,1124,78,1124,94,335,1118,936,적용,6,1조
PB562805,2008-08-01:01:15:34,양품,COMMON,T1,45.4,2090,18419,13720,1호기,2,1126,74,1125,92,334,1110,933,적용,6,1조
PB562806,2008-08-01:02:20:52,양품,COMMON,T8,44.9,3125,14008,15430,2호기,1,1111,61,1123,108,336,1117,838,적용,6,3조
PB562807,2008-08-01:02:20:28,양품,GL-E36-TM,T8,44.39,2495,15677,27260,2호기,2,1133,75,1127,91,347,1121,837,적용,6,3조
PB562808,2008-08-01:02:21:27,양품,AB/EH36-TM,T8,51.27,3060,12407,15280,3호기,1,1133,57,1125,103,339,1113,862,적용,6,4조
PB562809,2008-08-01:02:21:11,양품,AB/EH36-TM,T8,51.27,3060,12407,15280,3호기,2,1127,63,1128,106,337,1122,862,적용,6,4조
PB562810,2008-08-01:02:21:37,양품,AB/EH36-TM,T8,51.27,3060,12407,15280,1호기,1,1133,70,1126,91,337,1119,861,적용,6,2조
PB562811,2008-08-01:02:21:17,양품,AB/EH36-TM,T8,51.27,3060,12407,15280,1호기,2,1122,57,1123,105,337,1108,862,적용,6,4조
PB562812,2008-08-01:02:22:11,양품,AB/EH36-TM,T8,51.27,3060,12407,15280,2호기,1,1133,84,1124,81,338,1114,856,적용,6,2조
PB562813,2008-08-01:02:22:16,양품,AB/EH36-TM,T8,51.27,3060,12407,15280,2호기,2,1133,93,1127,75,330,1118,860,적용,6,3조
PB562814,2008-08-01:02:22:18,양품,GL-E36-TM,T8,55.51,3765,11398,37400,3호기,1,1126,62,1125,106,340,1113,863,적용,6,3조
PB562815,2008-08-01:02:23:09,양품,GL-E36-TM,T8,55.51,3765,11398,37400,3호기,2,1132,95,1128,80,341,1123,0,적용,6,1조
PB562816,2008-08-01:02:23:26,양품,BV-EH36-TM,T8,55.5,3302,11017,31700,1호기,1,1137,89,1131,83,341,1125,864,적용,6,4조
PB562817,2008-08-01:02:23:09,양품,COMMON,T8,55.5,3302,11017,15850,1호기,2,1127,72,1128,100,339,1118,845,적용,6,3조
PB562818,2008-08-01:02:24:27,양품,KS-HSB600,T5,40,3990,13896,34820,2호기,1,1112,77,1124,97,359,1109,808,적용,6,1조
PB562819,2008-08-01:02:24:44,양품,NV-E36-TM,T8,60.58,3105,12386,18290,2호기,2,1125,90,1128,90,345,1116,845,적용,6,4조
PB562820,2008-08-01:02:25:45,양품,COMMON,T8,60.58,2498,11987,14240,3호기,1,1126,73,1126,107,344,1120,850,적용,6,1조
PB562821,2008-08-01:02:25:17,양품,LR-EH36-TM,T8,64.489,3505,7969,14140,3호기,2,1135,106,1130,84,358,1121,852,적용,6,1조
PB562822,2008-08-01:02:25:50,양품,COMMON,T8,60.58,2498,11987,14240,1호기,1,1139,101,1128,82,352,1120,845,적용,6,3조
PB562823,2008-08-01:03:30:18,양품,COMMON,T8,60.63,2498,11977,14240,1호기,2,1129,84,1128,98,346,1113,845,적용,6,4조
PB562824,2008-08-01:03:30:48,양품,LR-EH36-TM,T8,64.489,3505,7969,14140,2호기,1,1131,106,1125,76,345,1110,847,적용,6,2조
PB562825,2008-08-01:03:30:07,양품,COMMON,T8,60.58,2498,11987,14240,2호기,2,1137,116,1129,71,345,1121,849,적용,6,4조
PB562826,2008-08-01:03:31:44,양품,AB/EH36-TM,T8,64.12,3110,10387,16260,3호기,1,1130,84,1129,101,345,1114,845,적용,6,4조
PB562827,2008-08-01:03:31:31,양품,AB/EH36-TM,T8,64.12,3110,10387,16260,3호기,2,1140,114,1132,74,357,1123,844,적용,6,2조
PB562828,2008-08-01:03:31:37,양품,BV-EH36-TM,T8,60.57,2085,16583,32880,1호기,1,1141,113,1133,73,332,1119,852,적용,6,1조
PB562829,2008-08-01:03:32:13,양품,NV-E36-TM,T8,65.64,3195,11832,19480,1호기,2,1142,121,1135,75,346,1128,853,적용,6,1조
PB562830,2008-08-01:03:32:10,양품,BV-EH36-TM,T8,67.65,3303,11020,38660,2호기,1,1137,110,1128,75,341,1116,851,적용,6,2조
PB562831,2008-08-01:03:32:50,양품,BV-EH36-TM,T8,67.65,3303,11020,38660,2호기,2,1134,111,1129,72,343,1121,850,적용,6,4조
PB562832,2008-08-01:03:32:34,양품,COMMON,T8,65.69,2498,11978,15430,3호기,1,1138,99,1129,86,352,1117,847,적용,6,2조
PB562833,2008-08-01:03:33:48,양품,COMMON,T8,65.64,2498,11987,15430,3호기,2,1137,109,1132,73,352,1127,849,적용,6,1조
PB562834,2008-08-01:03:33:52,불량,COMMON,T8,65.69,2498,11978,15430,1호기,1,1142,110,1134,73,343,1123,851,적용,5,4조
PB562835,2008-08-01:03:33:38,양품,COMMON,T8,65.64,2498,11987,15430,1호기,2,1144,110,1136,72,346,1121,847,적용,6,3조
PB562836,2008-08-01:03:34:08,양품,COMMON,T8,65.64,2498,11987,15430,2호기,1,1137,98,1129,73,344,1119,847,적용,6,2조
PB562837,2008-08-01:03:34:02,양품,COMMON,T8,65.64,2498,11987,15430,2호기,2,1135,101,1130,73,352,1117,844,적용,6,1조
PB562838,2008-08-01:03:34:26,양품,BV-EH36-TM,T8,70.7,2745,11014,16780,3호기,1,1142,109,1130,73,356,1120,840,적용,6,2조
PB562839,2008-08-01:03:34:14,양품,BV-EH36-TM,T8,70.7,2745,11014,16780,3호기,2,1145,109,1134,69,350,1120,846,적용,6,1조
PB562840,2008-08-01:03:35:27,양품,BV-EH36-TM,T8,73.71,2725,11009,17360,1호기,1,1144,112,1134,67,341,1121,844,적용,6,1조
PB562841,2008-08-01:03:35:50,양품,BV-EH36-TM,T8,73.71,2725,11009,17360,1호기,2,1147,122,1138,51,352,1126,846,적용,6,1조
PB562842,2008-08-01:03:35:38,양품,BV-EH36-TM,T8,73.71,2725,11009,17360,2호기,1,1136,115,1126,55,288,1119,844,적용,6,3조
PB562843,2008-08-01:04:40:56,양품,BV-EH36-TM,T8,73.71,2725,11009,17360,2호기,2,1138,110,1130,56,344,1115,849,적용,6,3조
PB562844,2008-08-01:04:40:12,양품,BV-EH36-TM,T8,73.71,2725,11009,17360,3호기,1,1139,107,1129,67,346,1119,834,적용,6,2조
PB562845,2008-08-01:04:40:16,불량,BV-EH36-TM,T8,73.71,2725,11009,17360,3호기,2,1142,93,1134,61,355,1126,847,미적용,6,1조
PB562846,2008-08-01:04:41:42,양품,NV-E36-TM,T8,70.6,2265,12913,16210,1호기,1,1129,91,1126,61,296,1121,842,적용,6,3조
PB562847,2008-08-01:04:41:29,양품,COMMON,T8,73.71,2725,9785,15430,1호기,2,1123,106,1124,62,310,1117,845,적용,6,4조
PB562848,2008-08-01:04:42:25,양품,COMMON,T8,73.71,2725,9754,15380,2호기,2,1113,96,1122,68,310,1109,773,적용,6,3조
PB562849,2008-08-01:04:43:58,양품,GL-E36-TM,T8,75.71,2500,14126,41980,2호기,1,1133,94,1125,76,304,1119,859,적용,6,4조
PB562850,2008-08-01:04:41:04,양품,GL-E36-TM,T8,75.71,2500,14093,41880,3호기,1,1126,103,1125,61,275,1116,843,적용,6,4조
PB562851,2008-08-01:04:43:30,양품,COMMON,T8,75.71,2725,9749,15790,3호기,2,1123,79,1126,61,291,1116,760,적용,6,1조
PB562852,2008-08-01:04:44:30,양품,GL-E36-TM,T8,75.71,2505,9249,13770,1호기,1,1132,79,1127,83,319,1116,842,적용,6,2조
PB562853,2008-08-01:04:45:03,불량,GL-E36-TM,T8,75.71,2505,9249,13770,1호기,2,1142,82,1131,69,314,1125,847,미적용,6,4조
PB562854,2008-08-01:05:50:36,양품,GL-E36-TM,T8,75.71,2500,9018,13400,2호기,1,1132,78,1124,85,316,1112,843,적용,6,1조
PB562855,2008-08-01:05:50:06,양품,GL-E36-TM,T8,75.71,2500,9018,13400,2호기,2,1131,77,1125,95,325,1113,844,적용,6,4조
PB562856,2008-08-01:05:51:17,양품,GL-E36-TM,T8,75.71,2500,9267,13770,3호기,1,1132,77,1124,101,323,1116,843,적용,6,4조
PB562857,2008-08-01:05:51:45,양품,GL-E36-TM,T8,75.71,2500,9584,14240,3호기,2,1131,80,1126,98,331,1113,843,적용,6,1조
PB562858,2008-08-01:05:52:21,양품,AB/EH36-TM,T8,75.81,2498,9538,14180,1호기,1,1130,79,1125,98,321,1114,840,적용,6,2조
PB562859,2008-08-01:05:52:32,불량,AB/EH36-TM,T8,83.32,2560,10409,17430,1호기,2,1124,77,1124,99,342,1112,846,미적용,6,2조
PB562860,2008-08-01:05:52:22,양품,AB/EH36-TM,T8,83.32,2560,10409,17430,2호기,1,1116,77,1122,100,342,1107,839,적용,6,3조
PB562861,2008-08-01:05:53:45,양품,AB/EH36-TM,T8,89.63,2560,10381,18700,2호기,2,1130,78,1125,100,332,1117,843,적용,6,1조
PB562862,2008-08-01:05:53:58,양품,AB/EH36-TM,T8,89.63,2560,10381,18700,3호기,1,1129,87,1123,104,332,1112,844,적용,6,3조
PB562863,2008-08-01:05:53:39,양품,AB/EH36-TM,T8,89.63,2560,10381,18700,3호기,2,1129,78,1126,100,338,1117,841,적용,6,3조
PB562864,2008-08-01:05:54:08,양품,BV-B,C0,20.13,3575,39279,66570,3호기,1,1129,76,1126,118,336,1113,934,적용,8,1조
PB562865,2008-08-01:05:54:28,양품,BV-B,C0,20.13,3575,39545,67020,3호기,2,1140,68,1132,104,348,1118,911,적용,8,4조
PB562866,2008-08-01:05:54:29,양품,LR-B,C0,17.1,3370,39613,35840,2호기,2,1130,71,1130,112,348,1121,935,적용,10,1조
PB562867,2008-08-01:05:54:26,양품,JS-SM490YB,C0,14.09,3284,51234,93050,1호기,1,1140,80,1131,117,352,1116,915,적용,10,2조
PB562868,2008-08-01:05:55:53,양품,JS-SM490YB,C0,14.09,3284,51234,93050,1호기,2,1142,74,1132,123,353,1127,923,적용,10,4조
PB562869,2008-08-01:05:55:44,양품,JS-SM490YB,C0,14.09,3284,51234,93050,2호기,1,1142,75,1131,122,353,1125,913,적용,10,1조
PB562870,2008-08-01:05:55:04,양품,BV-B,C0,20.43,3431,41254,68100,3호기,1,1134,69,1132,119,343,1117,977,적용,8,1조
PB562871,2008-08-01:05:55:16,양품,BV-B,C0,20.43,3431,40327,66570,3호기,2,1135,68,1142,103,342,1127,985,적용,8,3조
PB562872,2008-08-01:06:60:50,양품,JS-SM490YB,C0,14.09,3284,51234,93050,1호기,1,1143,65,1136,118,354,1123,955,적용,10,3조
PB562873,2008-08-01:06:60:13,양품,JS-SM490YB,C0,14.09,3284,49142,89250,1호기,2,1140,65,1136,119,355,1122,955,적용,10,3조
PB562874,2008-08-01:06:60:32,양품,JS-SM490YB,C0,14.09,3284,51234,93050,2호기,1,1147,83,1141,108,360,1129,950,적용,10,4조
PB562875,2008-08-01:06:60:12,양품,JS-SM490YB,C0,14.09,3284,49142,89250,2호기,2,1136,72,1145,117,360,1139,952,적용,10,3조
PB562876,2008-08-01:06:61:33,양품,JS-SM490YB,C0,14.09,3284,49142,89250,1호기,1,1131,70,1141,120,352,1133,956,적용,10,4조
PB562877,2008-08-01:06:61:18,양품,JS-SM490YB,C0,14.09,3284,49142,89250,1호기,2,1133,69,1143,123,359,1133,920,적용,10,1조
PB562878,2008-08-01:06:61:27,양품,JS-SM490YB,C0,14.09,3284,44874,81500,2호기,2,1145,114,1150,78,348,1142,959,적용,10,1조
PB562879,2008-08-01:06:61:49,양품,JS-SM490YB,C0,14.09,3284,49142,89250,2호기,1,1140,101,1151,95,352,1139,918,적용,10,4조
PB562880,2008-08-01:06:62:02,양품,JS-SM490YB,C0,14.09,3094,41815,71550,3호기,1,1129,65,1148,131,363,1136,930,적용,10,3조
PB562881,2008-08-01:06:62:20,불량,JS-SM490YB,C0,14.09,3094,41815,85860,3호기,2,1151,104,1155,75,349,1140,930,적용,9,4조
PB562882,2008-08-01:06:62:05,양품,JS-SM490YB,C0,14.09,3094,41815,71550,1호기,1,1154,121,1156,72,360,1143,944,적용,10,4조
PB562883,2008-08-01:06:62:16,양품,JS-SM490YB,C0,14.09,3094,41815,71550,1호기,2,1144,88,1154,107,362,1142,930,적용,10,2조
PB562884,2008-08-01:06:63:42,양품,JS-SM490YB,C0,16.09,3094,39637,77450,2호기,2,1144,118,1157,72,343,1149,976,적용,10,3조
PB562885,2008-08-01:06:63:16,양품,JS-SM490YB,C0,16.09,2813,49732,70680,2호기,1,1151,117,1158,80,366,1150,956,적용,10,2조
PB562886,2008-08-01:06:63:49,불량,KR-B,C0,15.59,3105,54290,82520,3호기,1,1148,103,1153,91,356,1144,937,미적용,10,2조
PB562887,2008-08-01:06:63:19,양품,JS-SM490YB,C0,18.1,3094,41786,91850,3호기,2,1150,118,1158,73,345,1147,950,적용,10,4조
PB562888,2008-08-01:06:64:58,불량,JS-SM490YB,C0,18.1,3094,41786,91850,1호기,1,1158,130,1162,54,345,1155,1004,적용,10,2조
PB562889,2008-08-01:06:64:53,양품,JS-SM490YB,C0,18.1,3094,41786,91850,1호기,2,1159,132,1164,54,358,1155,961,적용,10,3조
PB562890,2008-08-01:06:64:16,양품,JS-SM490YB,C0,18.1,3094,41786,91850,2호기,1,1146,108,1163,88,351,1148,996,적용,10,2조
PB562891,2008-08-01:06:65:45,불량,JS-SM490YB,C0,18.1,3094,41786,91850,2호기,2,1144,128,1159,65,332,1151,995,적용,9,4조
PB562892,2008-08-01:06:65:33,양품,JS-SM490YB,C0,18.1,3094,41786,91850,3호기,1,1141,106,1156,87,356,1151,953,적용,10,1조
PB562893,2008-08-01:06:65:57,양품,LR-A,C0,17.4,2886,43100,33980,3호기,2,1134,119,1158,72,352,1152,956,적용,10,4조
PB562894,2008-08-01:06:65:03,양품,JS-SM490YB,C0,20.1,3094,39288,95900,1호기,1,1167,131,1165,55,333,1151,992,적용,8,2조
PB562895,2008-08-01:07:70:37,양품,JS-SM490YB,C0,20.1,3094,39288,115080,1호기,2,1169,136,1167,56,350,1158,988,적용,8,4조
PB562896,2008-08-01:07:70:29,양품,JS-SM490A,C0,21.11,3034,43220,86920,3호기,1,1135,120,1157,67,345,1149,982,적용,8,3조
PB562897,2008-08-01:07:70:56,양품,KS-SM400B,C0,14.06,2654,53904,78950,2호기,1,1165,135,1164,61,351,1157,967,적용,10,2조
PB562898,2008-08-01:07:70:36,양품,JS-SM490YB,C0,15.09,2472,43234,50640,2호기,2,1143,118,1162,79,347,1154,975,적용,10,2조
PB562899,2008-08-01:07:71:04,불량,JS-SM490YB,C0,16.09,2552,36794,47440,3호기,2,1155,119,1166,72,330,1153,1008,적용,10,3조
PB562900,2008-08-01:07:71:24,불량,JS-SM490YB,C0,16.09,2512,37380,35580,1호기,1,1172,130,1166,62,329,1151,1018,적용,10,4조
PB562901,2008-08-01:07:71:21,불량,JS-SM490YB,C0,16.09,2561,42940,55560,1호기,2,1170,129,1167,64,345,1161,1006,적용,10,3조
PB562902,2008-08-01:07:71:32,양품,BV-B,C0,15.38,2580,42376,13200,2호기,1,1165,113,1164,71,346,1150,999,적용,10,1조
PB562903,2008-08-01:07:72:20,불량,BV-B,C0,16.6,2476,42678,55080,2호기,2,1163,121,1163,70,339,1158,1005,적용,10,3조
PB562904,2008-08-01:07:72:35,불량,BV-B,C0,18.11,2477,43959,77400,3호기,1,1162,134,1162,62,317,1150,1008,적용,9,1조
PB562905,2008-08-01:07:72:46,불량,JS-SM400B,C0,18.1,2520,42675,61120,3호기,2,1167,130,1166,63,319,1161,1012,적용,10,3조
PB562906,2008-08-01:07:72:58,불량,BV-B,C0,18.62,2761,42867,69200,1호기,1,1171,111,1165,60,317,1160,1002,적용,10,1조
PB562907,2008-08-01:07:73:03,불량,AB/B,C0,19.13,2440,39981,73250,1호기,2,1171,110,1167,61,317,1160,1023,적용,10,4조
PB562908,2008-08-01:07:73:30,불량,JS-SM490YB,C0,20.1,2569,48945,99200,3호기,1,1171,92,1166,56,311,1161,1015,적용,8,4조
PB562909,2008-08-01:07:73:53,불량,KS-SS400,C0,20.1,2469,41070,80000,2호기,1,1166,114,1165,60,353,1151,1021,적용,8,2조
PB562910,2008-08-01:07:73:14,불량,KS-SS400,C0,20.1,2664,45986,57990,2호기,2,1159,95,1165,65,318,1157,1011,적용,8,1조
PB562911,2008-08-01:07:74:32,불량,JS-SM490YB,C0,20.1,2433,42694,65560,3호기,2,1172,80,1169,72,328,1159,1013,적용,8,3조
PB562912,2008-08-01:07:74:01,불량,JS-SM490YB,C0,20.1,2569,48822,98950,1호기,2,1162,111,1164,69,316,1150,1019,적용,8,2조
PB562913,2008-08-01:07:74:30,불량,JS-SM490YB,C0,20.1,2554,48761,98250,1호기,1,1169,76,1166,74,330,1160,1006,적용,8,2조
PB562914,2008-08-01:07:74:28,불량,JS-SM490YB,C0,20.1,2569,44751,90700,2호기,1,1176,94,1170,59,319,1158,1026,적용,8,1조
PB562915,2008-08-01:07:75:52,불량,JS-SM490YB,C0,20.1,2493,38667,76050,2호기,2,1171,91,1170,57,315,1159,1027,적용,7,4조
PB562916,2008-08-01:07:75:52,불량,JS-SM490YB,C0,20.1,2554,45833,92350,3호기,1,1175,91,1167,60,314,1154,1020,적용,8,3조
PB562917,2008-08-01:07:75:35,불량,JS-SM490YB,C0,20.1,2569,48822,98950,3호기,2,1175,88,1169,61,314,1162,1014,적용,8,1조
PB562918,2008-08-01:07:75:49,불량,JS-SM490YB,C0,20.1,2469,33472,65200,1호기,1,1173,57,1168,73,325,1154,1022,적용,8,3조
PB562919,2008-08-01:08:80:22,불량,KR-A,C0,21.15,2684,49908,111200,3호기,1,1167,78,1165,63,299,1151,1007,적용,8,1조
PB562920,2008-08-01:08:80:12,불량,NV-A,C0,22.16,2634,49999,22910,3호기,2,1171,89,1167,50,297,1158,1007,적용,8,4조
PB562921,2008-08-01:08:80:23,불량,JS-SM490YB,C0,20.1,2573,36528,74150,2호기,1,1176,73,1169,56,314,1158,1017,적용,7,4조
PB562922,2008-08-01:08:80:35,불량,LR-B,C0,20.43,2641,42072,17820,2호기,2,1175,85,1167,58,330,1157,1006,적용,8,3조
PB562923,2008-08-01:08:81:49,불량,KR-A,C0,22.66,2782,43466,86040,1호기,2,1174,58,1169,82,320,1156,1007,적용,8,1조
PB562924,2008-08-01:08:81:45,불량,JS-SS400,C0,25.12,2466,31422,76400,1호기,1,1166,73,1164,57,298,1154,1022,적용,8,3조
PB562925,2008-08-01:08:81:03,불량,KS-SM400A,C0,30,2530,37847,90200,3호기,1,1168,89,1164,50,296,1153,1031,적용,7,4조
PB562926,2008-08-01:08:81:05,불량,JS-SS400,C0,35.15,2466,31229,106250,1호기,2,1159,61,1162,72,303,1149,1030,적용,8,4조
PB562927,2008-08-01:08:81:45,불량,JS-SS400,C0,35.15,2466,31229,106250,3호기,2,1164,79,1167,61,296,1161,1062,적용,8,3조
PB562928,2008-08-01:08:82:22,불량,JS-SS400,C0,40.16,2464,25077,77920,2호기,1,1174,74,1167,60,312,1158,1078,적용,6,3조
PB562929,2008-08-01:08:82:02,불량,JS-SS400,C0,40.16,2464,25077,77920,2호기,2,1167,77,1165,58,308,1155,1066,적용,6,1조
PB562930,2008-08-01:08:82:59,불량,JS-SS400,C0,55.2,2503,15286,49740,1호기,1,1155,77,1155,55,326,1141,1056,적용,6,4조
PB562931,2008-08-01:08:82:11,불량,JS-SS400,C0,80.28,2503,10511,33160,1호기,2,1157,68,1159,67,312,1146,1068,적용,6,3조
PB562932,2008-08-01:08:82:39,불량,JS-SM490A,C0,40.16,2170,33415,45720,3호기,1,1155,73,1161,55,309,1146,1054,적용,6,3조
PB562933,2008-08-01:08:82:57,불량,KS-SM490B,C0,35.15,2000,29862,32960,2호기,1,1162,80,1162,47,326,1147,1054,적용,8,4조
PB562934,2008-08-01:08:83:13,불량,KS-SM490B,C0,35.15,2000,29862,32960,2호기,2,1159,83,1160,52,330,1146,1053,적용,8,1조
PB562935,2008-08-01:08:83:08,양품,V42JBN3,C3,32.06,2200,37440,62190,3호기,2,1172,78,1167,52,295,1162,902,적용,8,2조
PB562936,2008-08-01:08:83:45,양품,V42JBN3,C3,32.06,2200,37440,62190,1호기,1,1163,77,1160,64,309,1146,907,적용,8,1조
PB562937,2008-08-01:08:85:20,불량,V42JBN3,C3,32.06,2200,37440,62190,1호기,2,1166,75,1166,72,316,1159,901,미적용,8,2조
PB562938,2008-08-01:08:85:49,불량,LR-A,C0,22.15,2275,36504,28880,2호기,1,1162,74,1163,65,322,1158,1005,적용,7,1조
PB562939,2008-08-01:08:85:49,불량,KS-SM400B,C0,22.2,2200,36463,13980,2호기,2,1164,71,1165,73,319,1159,1006,적용,8,1조
PB562940,2008-08-01:08:84:38,불량,KR-A,C0,21.14,2200,41688,30440,3호기,1,1174,76,1167,49,302,1153,1037,적용,8,4조
PB562941,2008-08-01:08:85:27,양품,JS-SM490YB,C0,20.1,2569,44628,72360,3호기,2,1173,78,1167,55,309,1156,976,적용,8,3조
PB562942,2008-08-01:09:90:22,불량,JS-SM490YB,C0,20.1,2574,45600,92600,1호기,1,1165,78,1163,71,314,1157,1004,적용,8,4조
PB562943,2008-08-01:09:90:57,불량,JS-SS400,C1,20.18,2240,36748,65200,1호기,2,1171,99,1167,54,318,1156,1005,적용,8,4조
PB562944,2008-08-01:09:90:50,불량,JS-SM490YB,C0,20.1,2040,42841,68950,2호기,1,1165,76,1165,62,319,1150,1024,적용,8,2조
PB562945,2008-08-01:09:91:43,불량,LR-B,C0,20.13,2200,43492,60480,2호기,2,1161,62,1166,75,316,1154,1027,적용,8,4조
PB562946,2008-08-01:09:90:45,불량,JS-SM490YB,C0,20.1,2160,41723,71100,3호기,1,1170,66,1167,60,306,1162,1018,적용,8,4조
PB562947,2008-08-01:09:90:39,불량,JS-SM490YB,C0,20.1,2221,43117,75550,3호기,2,1171,65,1167,64,306,1161,1030,적용,8,1조
PB562948,2008-08-01:09:91:42,불량,JS-SM490YB,C0,20.1,2232,43728,77000,1호기,1,1169,77,1165,73,314,1158,1031,적용,8,4조
PB562949,2008-08-01:09:91:37,불량,JS-SM490YB,C0,20.1,2221,42061,73700,1호기,2,1177,88,1171,58,311,1162,1035,적용,8,3조
PB562950,2008-08-01:09:91:41,불량,BV-AH32,C0,19.62,2082,43753,42090,2호기,1,1161,74,1162,54,311,1157,1016,적용,10,4조
PB562951,2008-08-01:09:91:30,불량,JS-SM490YA,C0,19.1,2040,38774,35580,2호기,2,1172,72,1166,54,308,1152,1027,적용,10,3조
PB562952,2008-08-01:09:92:22,불량,JS-SM490YB,C0,20.1,2000,40846,64450,3호기,1,1170,67,1166,64,307,1159,1035,적용,8,1조
PB562953,2008-08-01:09:92:22,불량,BV-AH32,C0,19.12,2102,43709,41370,3호기,2,1147,56,1161,73,324,1150,1017,적용,10,3조
PB562954,2008-08-01:09:92:11,불량,JS-SM490YA,C0,19.1,2040,38774,35580,1호기,1,1164,76,1162,69,318,1153,1029,적용,10,2조
PB562955,2008-08-01:09:92:06,불량,BV-B,C0,18.4,2200,43648,55480,1호기,2,1166,80,1165,61,317,1160,1014,적용,10,4조
PB562956,2008-08-01:09:92:56,불량,KS-SM400B,C0,18.16,2350,42327,42540,2호기,1,1156,66,1163,61,295,1151,1010,적용,10,2조
PB562957,2008-08-01:09:92:47,불량,BV-B,C0,18.11,2280,40384,39270,2호기,2,1160,65,1165,61,304,1158,1015,적용,10,1조
PB562958,2008-08-01:10:00:06,양품,JS-SM490YB,C0,16.09,2221,43596,61150,3호기,1,1169,64,1164,61,308,1155,0,적용,10,3조
PB562959,2008-08-01:09:94:29,양품,JS-SM490YB,C0,16.09,2221,43596,61150,3호기,2,1163,57,1166,67,303,1158,0,적용,10,4조
PB562960,2008-08-01:10:01:30,양품,JS-SM490YB,C0,16.09,2221,43596,61150,1호기,1,1166,68,1161,103,343,1150,999,적용,10,4조
PB562961,2008-08-01:10:01:03,양품,JS-SM490YB,C0,16.09,2262,43156,61650,1호기,2,1176,85,1165,87,346,1150,1000,적용,10,2조
PB562962,2008-08-01:10:01:26,양품,KS-SS400,C0,20.1,2675,54279,45820,3호기,1,1159,70,1157,89,293,1147,991,적용,8,1조
PB562963,2008-08-01:10:01:50,양품,KR-A,C0,22.66,2783,46379,91840,3호기,2,1163,68,1159,83,291,1151,995,적용,8,4조
PB562964,2008-08-01:10:01:22,양품,KS-SM490B,C0,14.06,2784,50215,77150,2호기,1,1143,59,1156,103,357,1144,945,적용,10,3조
PB562965,2008-08-01:10:02:49,양품,KS-SM490B,C0,14.06,2784,50281,77250,2호기,2,1161,78,1157,83,308,1145,941,적용,10,4조
PB562966,2008-08-01:10:02:10,양품,AB/AH32,C0,16.09,2733,48841,67440,1호기,1,1169,64,1158,94,328,1147,962,적용,10,2조
PB562967,2008-08-01:10:02:41,양품,LR-AH32,C0,15.59,2695,52998,34960,1호기,2,1176,84,1163,78,327,1155,952,적용,10,1조
PB562968,2008-08-01:10:02:10,양품,KR-A,C0,22.66,2783,46379,91840,3호기,1,1161,68,1156,85,290,1146,979,적용,8,1조
PB562969,2008-08-01:10:03:38,양품,KR-A,C0,22.66,2783,46379,91840,3호기,2,1163,68,1158,85,288,1147,993,적용,8,3조
PB562970,2008-08-01:10:03:45,불량,JS-SM490A,C0,30.13,2288,30730,33260,2호기,2,1167,81,1157,80,297,1149,1038,적용,8,4조
PB562971,2008-08-01:10:03:21,불량,NV-B,C0,30.24,2240,38947,20710,2호기,1,1155,74,1153,92,350,1140,1004,적용,8,4조
PB562972,2008-08-01:10:03:16,불량,JS-SM490A,C0,30.13,2288,30730,33260,1호기,1,1164,66,1158,92,304,1146,1022,적용,8,1조
PB562973,2008-08-01:10:04:54,불량,JS-SM490A,C0,30.13,2288,30730,33260,1호기,2,1163,61,1159,87,308,1150,1024,적용,8,2조
PB562974,2008-08-01:10:04:53,불량,JS-SM490A,C0,30.13,2288,30730,33260,2호기,1,1154,72,1155,85,276,1146,1029,적용,8,3조
PB562975,2008-08-01:10:03:58,불량,JS-SM490A,C0,40.16,2157,30705,41760,3호기,1,1162,78,1156,78,284,1146,1043,적용,6,1조
PB562976,2008-08-01:10:04:44,불량,JS-SM490A,C0,40.16,2157,30705,41760,3호기,2,1154,65,1156,96,288,1150,1046,적용,6,1조
PB562977,2008-08-01:10:04:40,불량,JS-SM490A,C0,30.13,2288,30730,33260,2호기,2,1162,82,1156,92,310,1147,1035,적용,8,1조
PB562978,2008-08-01:10:05:36,불량,JS-SM490A,C0,30.13,2288,30730,33260,1호기,1,1164,77,1157,95,289,1149,1031,적용,8,1조
PB562979,2008-08-01:10:05:34,불량,JS-SM490A,C0,30.13,2288,30730,33260,1호기,2,1160,65,1158,88,278,1149,1032,적용,8,1조
PB562980,2008-08-01:10:05:35,불량,JS-SM490A,C0,30.13,2288,30730,33260,2호기,1,1153,74,1155,94,285,1146,1020,적용,8,1조
PB562981,2008-08-01:10:05:33,불량,JS-SM490A,C0,30.13,2288,30730,33260,2호기,2,1160,71,1157,97,294,1148,1012,적용,8,3조
PB562982,2008-08-01:10:04:38,불량,JS-SM490A,C0,30.13,2288,30730,33260,3호기,1,1164,62,1159,84,279,1148,1034,적용,8,2조
PB562983,2008-08-01:10:05:37,불량,JS-SM490A,C0,30.13,2288,30730,33260,3호기,2,1165,79,1158,85,291,1146,1032,적용,8,3조
PB562984,2008-08-01:11:10:29,불량,JS-SM490A,C0,30.13,2288,30730,33260,1호기,1,1155,73,1154,93,284,1141,1022,적용,8,1조
PB562985,2008-08-01:11:10:42,불량,JS-SM490A,C0,30.13,2288,30730,33260,1호기,2,1163,105,1159,51,284,1148,1034,적용,8,4조
PB562986,2008-08-01:11:10:04,불량,JS-SM490A,C0,30.13,2288,30730,33260,2호기,1,1151,65,1155,90,277,1148,1031,적용,8,2조
PB562987,2008-08-01:11:10:47,불량,JS-SM490A,C0,40.16,2157,30705,41760,3호기,1,1159,103,1155,52,271,1148,1053,적용,6,3조
PB562988,2008-08-01:11:10:06,불량,JS-SM490A,C0,40.16,2157,30705,41760,3호기,2,1158,73,1156,91,290,1141,1053,적용,6,1조
PB562989,2008-08-01:11:11:12,불량,KR-A,C0,22.66,2339,34345,42870,2호기,2,1143,67,1153,97,286,1148,1007,적용,8,1조
PB562990,2008-08-01:11:11:14,불량,KR-A,C0,22.66,2339,34345,42870,1호기,1,1160,107,1156,60,285,1145,1006,적용,8,4조
PB562991,2008-08-01:11:11:37,양품,KR-A,C0,22.66,2339,34345,42870,1호기,2,1153,91,1153,59,282,1142,997,적용,8,4조
PB562992,2008-08-01:11:11:31,불량,NV-A32,C0,20.13,2000,41861,26460,2호기,1,1158,88,1153,53,279,1143,1002,적용,8,4조
PB562993,2008-08-01:11:11:42,불량,JS-SM490YB,C0,20.1,2231,42412,74650,2호기,2,1155,95,1154,44,272,1147,986,적용,7,4조
PB562994,2008-08-01:11:12:30,불량,JS-SM490A,C0,40.16,2157,30705,41760,3호기,1,1158,105,1154,52,270,1143,1043,적용,6,1조
PB562995,2008-08-01:11:12:31,불량,JS-SM490A,C0,40.16,2157,30705,41760,3호기,2,1161,105,1155,58,281,1143,1029,적용,6,2조
PB562996,2008-08-01:11:12:22,불량,LR-AH32,C0,19.12,2329,36874,38670,1호기,1,1159,99,1154,56,280,1147,1019,적용,10,2조
PB562997,2008-08-01:11:12:16,양품,LR-AH32,C0,19.12,2000,42940,38670,1호기,2,1150,82,1150,58,279,1139,989,적용,10,2조
PB562998,2008-08-01:11:12:26,불량,JS-SM490YB,C0,20.1,2040,42841,55160,2호기,1,1149,96,1149,44,267,1134,1021,적용,8,4조
PB562999,2008-08-01:11:13:28,양품,JS-SM490YB,C0,20.1,2219,36558,51200,2호기,2,1151,98,1151,40,264,1146,996,적용,8,3조
PB563000,2008-08-01:11:13:40,불량,JS-SM490YB,C0,20.1,2040,42841,55160,3호기,1,1154,91,1152,59,277,1138,1010,적용,8,1조
PB563001,2008-08-01:11:13:50,불량,JS-SM490YB,C0,20.1,2130,42995,72250,3호기,2,1150,97,1151,60,277,1136,1012,적용,8,3조
PB563002,2008-08-01:11:13:37,불량,JS-SM490YB,C0,20.1,2221,41519,72750,1호기,1,1154,101,1152,53,279,1142,1002,적용,7,2조
PB563003,2008-08-01:11:14:00,불량,JS-SM490A,C0,50.19,2503,18850,55770,1호기,2,1132,93,1141,55,278,1132,1032,적용,6,4조
PB563004,2008-08-01:11:13:16,불량,KS-SM400A,C0,40,2463,21502,33260,2호기,1,1139,101,1144,38,257,1138,1029,적용,6,1조
PB563005,2008-08-01:11:15:16,불량,JS-SS400,C0,40.16,2463,16858,39270,2호기,2,1139,103,1147,51,267,1139,1034,적용,6,2조
PB563006,2008-08-01:11:14:30,불량,JS-SM490A,C0,38.16,2464,17856,39540,3호기,1,1145,98,1150,60,274,1139,1048,적용,8,3조
PB563007,2008-08-01:11:14:45,불량,KS-SM490A,C0,30.13,2528,27327,32680,3호기,2,1149,89,1152,54,273,1140,1019,적용,8,1조
PB563008,2008-08-01:11:14:46,불량,JS-SS400,C0,25.12,2466,31422,76400,1호기,1,1145,101,1148,47,275,1139,1023,적용,8,3조
PB563009,2008-08-01:11:15:50,불량,NV-A,C0,25.18,2518,36325,36160,1호기,2,1129,97,1137,46,260,1131,1020,적용,8,4조
PB563010,2008-08-01:11:15:01,불량,LR-A,C0,24.17,2577,41967,41040,2호기,1,1135,96,1145,50,260,1136,1003,적용,8,3조
PB563011,2008-08-01:11:15:58,불량,KR-A,C0,22.66,2339,34345,42870,2호기,2,1133,103,1144,44,261,1134,1011,적용,8,2조
PB563012,2008-08-01:11:15:00,불량,KR-A,C0,22.66,2339,34345,42870,3호기,1,1135,88,1147,65,260,1134,1007,적용,8,2조
PB563013,2008-08-01:12:20:03,불량,KR-A,C0,22.66,2339,34345,42870,3호기,2,1133,89,1148,63,269,1135,1005,적용,8,4조
PB563014,2008-08-01:12:20:13,양품,KR-A,C0,22.66,2339,34345,42870,1호기,1,1139,64,1145,50,262,1137,998,적용,8,2조
PB563015,2008-08-01:12:20:54,불량,LR-AH32,C0,19.13,2529,36942,42090,1호기,2,1133,61,1141,46,267,1134,1006,적용,10,4조
PB563016,2008-08-01:12:20:15,양품,LR-AH32,C0,19.63,2549,35718,14030,2호기,1,1141,59,1147,48,257,1137,987,적용,10,4조
PB563017,2008-08-01:12:21:31,양품,JS-SM400B,C0,18.1,2520,42675,61120,2호기,2,1128,104,1146,52,271,1135,980,적용,10,1조
PB563018,2008-08-01:12:20:21,불량,JS-SM490YB,C0,16.09,2559,37250,36120,3호기,1,1138,57,1148,57,261,1142,968,적용,9,3조
PB563019,2008-08-01:12:21:35,양품,JS-SM490YB,C0,16.09,2559,37250,36120,3호기,2,1140,107,1148,49,270,1135,973,적용,10,3조
PB563020,2008-08-01:12:21:38,불량,JS-SM490YB,C0,16.09,2559,37250,36120,1호기,1,1153,67,1151,44,269,1138,976,미적용,10,3조
PB563021,2008-08-01:12:21:02,양품,NK-KA32,C0,15.08,2671,43613,13790,1호기,2,1131,61,1138,47,258,1127,956,적용,10,1조
PB563022,2008-08-01:12:22:05,불량,JS-SM490YB,C0,16.09,2512,37380,35580,2호기,1,1140,54,1149,50,257,1137,971,적용,9,1조
PB563023,2008-08-01:12:22:13,불량,JS-SM490YB,C0,16.09,2512,37380,35580,2호기,2,1152,73,1153,35,264,1144,985,적용,9,4조
PB563024,2008-08-01:12:22:27,불량,JS-SM490YB,C0,16.09,2512,37380,35580,3호기,1,1144,56,1150,59,273,1139,972,미적용,10,4조
PB563025,2008-08-01:12:22:35,양품,JS-SM490YB,C0,16.09,2512,37380,35580,3호기,2,1149,71,1151,51,268,1146,973,적용,10,2조
PB563026,2008-08-01:12:23:20,양품,JS-SM490YB,C0,16.09,2512,37380,35580,1호기,1,1145,62,1147,49,266,1140,968,적용,10,4조
PB563027,2008-08-01:12:23:30,양품,JS-SM490YB,C0,15.09,2471,42431,49680,1호기,2,1121,60,1132,49,246,1123,969,적용,10,3조
PB563028,2008-08-01:12:23:45,양품,JS-SM490YB,C0,15.09,2471,42431,49680,2호기,1,1138,58,1149,59,268,1135,973,적용,10,4조
PB563029,2008-08-01:12:23:37,양품,GL-A32,C0,15.08,2611,42641,52720,2호기,2,1148,60,1152,43,268,1145,993,적용,10,3조
PB563030,2008-08-01:12:23:13,양품,BV-AH32,C0,15.08,2671,42126,39960,3호기,1,1140,63,1149,62,267,1139,957,적용,10,3조
PB563031,2008-08-01:12:24:37,불량,KR-A,C0,21.15,2782,44880,82920,3호기,2,1146,64,1151,62,267,1141,971,적용,7,1조
PB563032,2008-08-01:12:24:05,양품,JS-SS400,C0,22.15,2572,45995,82280,1호기,1,1134,61,1140,55,267,1130,972,적용,8,1조
PB563033,2008-08-01:12:24:26,양품,KR-A,C0,21.15,2782,44880,82920,1호기,2,1114,60,1130,58,254,1119,959,적용,8,1조
PB563034,2008-08-01:12:25:10,양품,KS-SM400B,C0,20,2682,46025,96900,2호기,1,1136,57,1147,57,271,1142,956,적용,8,1조
PB563035,2008-08-01:12:25:30,양품,KS-SS400,C0,20.1,2533,48490,96900,2호기,2,1135,55,1147,47,256,1134,958,적용,8,3조
PB563036,2008-08-01:12:24:16,양품,BV-AH32,C0,20.14,2477,43538,68200,3호기,1,1137,75,1145,48,269,1136,976,적용,8,4조
PB563037,2008-08-01:12:25:57,양품,JS-SM490YB,C0,16.09,3094,41710,81500,3호기,2,1133,68,1145,48,268,1136,913,적용,10,3조
PB563038,2008-08-01:12:25:52,양품,JS-SM490YB,C0,16.09,2813,49732,70680,1호기,1,1137,61,1142,55,269,1136,945,적용,10,2조
PB563039,2008-08-01:13:30:18,양품,JS-SM490YB,C0,16.09,2813,49732,70680,1호기,2,1125,53,1138,66,262,1131,934,적용,10,4조
PB563040,2008-08-01:13:30:38,양품,BV-B,C0,17.4,3015,38973,64200,2호기,1,1110,64,1142,52,259,1132,951,적용,10,3조
PB563041,2008-08-01:13:30:10,양품,NV-A32,C0,17.1,3103,49216,41000,3호기,1,1126,74,1147,55,265,1141,939,적용,10,4조
PB563042,2008-08-01:13:30:01,불량,BV-AH32,C0,17.1,2895,54218,63210,3호기,2,1140,64,1154,54,270,1143,947,적용,9,1조
PB563043,2008-08-01:13:31:18,양품,JS-SM490YB,C0,18.1,3094,29435,51760,2호기,2,1112,57,1145,57,263,1140,970,적용,10,3조
PB563044,2008-08-01:13:31:02,양품,JS-SM490YB,C0,18.1,3094,36532,80300,1호기,1,1124,62,1139,57,272,1127,975,적용,10,1조
PB563045,2008-08-01:13:31:21,양품,JS-SM490YB,C0,18.1,3094,36532,80300,2호기,2,1124,62,1148,52,245,1143,982,적용,10,4조
PB563046,2008-08-01:13:31:49,불량,JS-SM490YB,C0,18.1,3094,41786,91850,1호기,2,1115,58,1136,64,259,1127,971,적용,9,4조
PB563047,2008-08-01:13:32:17,양품,JS-SM490YB,C0,18.1,3094,41786,91850,2호기,1,1126,62,1152,59,252,1138,979,적용,10,3조
PB563048,2008-08-01:13:32:01,불량,JS-SS400,C0,25.12,3082,37449,91040,3호기,1,1129,63,1151,58,264,1143,991,적용,7,3조
PB563049,2008-08-01:13:32:23,불량,AB/A,C0,23.16,3181,38991,45100,3호기,2,1133,64,1154,56,257,1142,988,적용,7,4조
PB563050,2008-08-01:13:32:34,양품,JS-SM490YB,C0,20.1,3034,38978,74640,1호기,1,1134,53,1143,58,264,1130,977,적용,8,2조
PB563051,2008-08-01:13:33:45,양품,JS-SM490A,C0,20.1,2934,37132,51570,1호기,2,1115,51,1139,70,250,1131,983,적용,8,1조
PB563052,2008-08-01:13:33:55,양품,JS-SM490YB,C0,20.1,2864,37198,50430,2호기,1,1141,63,1161,57,251,1152,995,적용,8,1조
PB563053,2008-08-01:13:33:12,양품,JS-SM490YB,C0,20.1,2864,37198,50430,2호기,2,1149,49,1160,57,249,1152,985,적용,8,2조
PB563054,2008-08-01:13:33:32,양품,LR-AH32,C3,22.15,3133,32234,35120,3호기,1,1130,66,1150,58,289,1139,984,적용,8,1조
PB563055,2008-08-01:13:34:09,양품,LR-AH36,C3,25.19,2998,31020,55170,3호기,2,1140,66,1155,55,258,1148,899,적용,8,4조
PB563056,2008-08-01:13:34:31,양품,JS-SS400,C0,25.12,3082,37449,91040,3호기,1,1142,62,1158,56,262,1147,992,적용,8,3조
PB563057,2008-08-01:13:34:09,양품,A709-36,C0,26.24,2800,28920,33360,1호기,1,1150,63,1154,59,264,1146,993,적용,8,2조
PB563058,2008-08-01:13:34:24,양품,JS-SM490A,C0,24.11,3034,20723,23800,1호기,2,1135,53,1149,73,264,1134,987,적용,8,2조
PB563059,2008-08-01:13:35:15,양품,NV-A,C0,25.18,2881,40423,46040,3호기,2,1144,63,1159,58,265,1152,989,적용,8,3조
PB563060,2008-08-01:13:35:36,양품,NV-A,C0,24.18,2848,31724,17150,2호기,2,1136,49,1160,71,262,1149,976,적용,8,4조
PB563061,2008-08-01:13:35:44,양품,JS-SM490A,C0,30.13,3082,25145,73320,2호기,1,1172,74,1166,59,262,1157,972,적용,8,1조
PB563062,2008-08-01:13:35:31,불량,JS-SS400,C0,38.16,3077,18996,35020,1호기,1,1168,68,1163,57,262,1149,1009,적용,8,1조
PB563063,2008-08-01:13:35:35,불량,KS-SM490B,C0,30.13,3478,28166,46340,3호기,1,1145,65,1159,53,259,1149,1009,적용,7,1조
PB563064,2008-08-01:14:40:22,불량,AB/A,C0,25.18,3379,32519,65160,3호기,2,1137,52,1167,66,260,1154,989,미적용,8,1조
PB563065,2008-08-01:14:40:54,양품,BV-B,C0,20.44,3280,37811,59700,1호기,2,1133,61,1149,76,264,1140,970,적용,8,1조
PB563066,2008-08-01:14:40:56,양품,LR-B,C0,20.43,3209,34217,17610,2호기,1,1144,65,1161,63,264,1153,987,적용,8,4조
PB563067,2008-08-01:14:40:02,양품,BV-B,C0,20.43,3269,34486,54240,2호기,2,1142,58,1162,70,272,1155,981,적용,8,3조
PB563068,2008-08-01:14:41:43,양품,LR-A,C0,20.63,3433,38779,64680,1호기,2,1126,57,1144,68,224,1129,972,적용,8,3조
PB563069,2008-08-01:14:41:40,양품,BV-AH32,C0,19.63,3297,28717,29180,1호기,1,1176,68,1168,58,269,1155,960,적용,10,3조
PB563070,2008-08-01:14:41:02,양품,BV-AH32,C0,19.63,3297,29012,29480,2호기,2,1168,64,1168,61,268,1160,979,적용,10,3조
PB563071,2008-08-01:14:41:02,불량,BV-B,C0,19.13,3276,42869,63270,2호기,1,1157,63,1161,62,224,1155,975,적용,9,1조
PB563072,2008-08-01:14:42:18,양품,BV-B,C0,19.13,3281,42702,84160,3호기,1,1158,73,1166,56,234,1151,980,적용,10,4조
PB563073,2008-08-01:14:42:38,양품,LR-B,C0,19.12,3586,41023,44160,3호기,2,1176,72,1169,55,269,1154,976,적용,10,1조
PB563074,2008-08-01:14:42:29,양품,BV-AH32,C0,19.63,3297,28815,29280,1호기,1,1162,72,1159,56,238,1154,975,적용,10,3조
PB563075,2008-08-01:14:42:50,양품,LR-AH32,C0,18.11,3231,42474,19510,1호기,2,1158,65,1159,68,239,1154,971,적용,10,2조
PB563076,2008-08-01:14:43:46,불량,NV-B,C0,17.6,3571,43172,63900,2호기,1,1158,71,1168,56,221,1157,962,적용,9,4조
PB563077,2008-08-01:14:43:57,불량,AB/B,C0,18.11,3599,34418,35220,2호기,2,1115,57,1160,71,236,1151,964,미적용,10,3조
PB563078,2008-08-01:14:43:09,양품,BV-B,C0,16.39,3299,36847,31280,3호기,1,1165,72,1164,56,233,1151,969,적용,10,2조
PB563079,2008-08-01:14:43:50,양품,LR-B,C0,16.09,3500,38907,51600,3호기,2,1155,71,1164,56,233,1153,945,적용,10,2조
PB563080,2008-08-01:14:44:45,양품,AB/B,C0,14.07,3435,54218,82280,1호기,1,1145,61,1155,68,229,1150,886,적용,10,2조
PB563081,2008-08-01:14:44:03,양품,LR-AH32,C0,13.06,3352,48799,33540,1호기,2,1134,68,1149,75,240,1143,898,적용,10,2조
PB563082,2008-08-01:14:44:58,불량,LR-B,C0,13.06,3495,53947,77320,2호기,1,1172,78,1171,48,227,1165,923,적용,9,4조
PB563083,2008-08-01:14:44:01,양품,NV-A32,C0,13.06,3505,54016,19410,3호기,1,1169,64,1170,61,235,1157,929,적용,10,3조
PB563084,2008-08-01:14:45:48,양품,KR-AH32,C0,13.56,3345,53726,38260,3호기,2,1172,68,1173,57,228,1163,916,적용,10,4조
PB563085,2008-08-01:14:45:07,양품,LR-AH32,C0,12.05,3405,41199,26540,2호기,2,1175,76,1174,58,230,1166,907,적용,10,1조
PB563086,2008-08-01:14:45:41,양품,LR-AH32,C0,12.05,3405,41199,26540,1호기,1,1184,72,1174,58,229,1169,905,적용,10,1조
PB563087,2008-08-01:14:45:20,양품,NK-KA32,C0,12.05,3310,42701,13370,1호기,2,1183,63,1173,69,239,1163,911,적용,10,3조
PB563088,2008-08-01:15:50:37,양품,AB/B,C0,13.06,3201,43209,56720,2호기,1,1174,73,1170,51,229,1155,937,적용,10,4조
PB563089,2008-08-01:15:50:00,양품,NV-B,C0,17.6,3579,36988,54870,2호기,2,1184,91,1169,53,231,1163,964,적용,10,2조
PB563090,2008-08-01:15:50:09,양품,BV-B,C0,17.4,3279,35031,47070,3호기,1,1168,72,1167,64,243,1161,984,적용,10,4조
PB563091,2008-08-01:15:50:30,양품,LR-B,C0,19.12,3586,41023,44160,3호기,2,1175,75,1170,60,241,1164,993,적용,10,1조
PB563092,2008-08-01:15:51:45,양품,LR-B,C0,19.12,3586,41023,44160,3호기,1,1186,73,1172,53,235,1164,993,적용,10,2조
PB563093,2008-08-01:15:51:19,양품,BV-B,C0,18.11,3387,29573,14240,1호기,1,1174,62,1169,70,237,1158,993,적용,10,1조
PB563094,2008-08-01:15:51:32,양품,BV-B,C0,19.12,3277,28728,28260,1호기,2,1181,66,1169,70,238,1162,998,적용,10,4조
PB563095,2008-08-01:15:51:32,양품,AB/B,C0,19.12,3506,27060,28480,2호기,2,1180,77,1168,64,233,1161,988,적용,10,2조
PB563096,2008-08-01:15:52:24,양품,BV-B,C0,20.43,3575,37691,64830,3호기,2,1178,75,1167,57,238,1162,977,적용,8,3조
PB563097,2008-08-01:15:52:07,양품,LR-A,C0,21.64,3433,36798,64380,2호기,1,1175,75,1167,64,245,1158,973,적용,8,1조
PB563098,2008-08-01:15:52:41,양품,BV-B,C0,20.13,3575,39279,66570,3호기,1,1181,70,1172,50,230,1157,978,적용,8,2조
PB563099,2008-08-01:15:52:22,양품,BV-B,C0,20.13,3575,39279,66570,3호기,2,1177,61,1170,60,232,1156,993,적용,8,4조
PB563100,2008-08-01:15:53:11,불량,NV-A,C0,24.17,3651,24006,33260,1호기,1,1158,62,1161,75,244,1147,1004,적용,8,1조
PB563101,2008-08-01:15:53:06,불량,LR-A,C0,21.94,3813,31962,20990,2호기,1,1166,71,1165,61,242,1151,951,미적용,8,4조
PB563102,2008-08-01:15:53:31,양품,LR-A,C0,21.94,3810,21213,13920,2호기,2,1158,68,1166,73,243,1159,955,적용,8,3조
PB563103,2008-08-01:15:53:27,양품,LR-A,C0,21.64,3685,34777,43540,1호기,2,1150,70,1157,84,249,1146,966,적용,8,3조
PB563104,2008-08-01:15:54:02,불량,NV-A,C0,21.64,3685,34777,43540,1호기,2,1165,68,1164,75,242,1158,991,미적용,8,4조
PB563105,2008-08-01:15:54:14,양품,NV-A,C0,21.64,3685,34777,43540,2호기,1,1189,70,1174,60,242,1159,997,적용,8,1조
PB563106,2008-08-01:15:54:42,불량,LR-A,C0,21.64,3685,34777,43540,3호기,1,1191,68,1176,52,234,1166,998,적용,7,2조
PB563107,2008-08-01:15:54:00,양품,NV-A,C0,21.64,3685,34777,43540,3호기,2,1146,61,1162,66,251,1148,987,적용,8,3조
PB563108,2008-08-01:15:55:10,양품,BV-B,C0,19.42,3720,37753,64230,1호기,2,1174,72,1168,67,237,1157,990,적용,10,3조
PB563109,2008-08-01:15:55:38,양품,BV-B,C0,20.42,3770,38522,69840,3호기,1,1183,81,1170,44,234,1158,982,적용,8,2조
PB563110,2008-08-01:15:55:06,불량,LR-AH32,C0,17.6,3733,32787,16910,1호기,1,1190,70,1177,73,243,1162,973,적용,9,2조
PB563111,2008-08-01:15:55:40,불량,LR-B,C0,17.09,3648,33448,32740,2호기,2,1189,73,1176,49,231,1161,949,적용,10,4조
PB563112,2008-08-01:16:60:14,불량,LR-B,C0,17.4,3615,40403,39900,2호기,1,1173,66,1176,55,245,1169,951,적용,10,1조
PB563113,2008-08-01:16:60:34,양품,LR-AH32,C0,15.58,3722,47472,64830,3호기,2,1169,76,1165,53,240,1153,925,적용,10,1조
PB563114,2008-08-01:16:60:17,양품,A516-60,C0,12.8,3871,49414,76880,1호기,1,1183,73,1175,66,244,1164,904,적용,10,2조
PB563115,2008-08-01:16:60:21,불량,A516-60,C0,12.8,3871,49414,76880,1호기,2,1184,72,1173,67,248,1162,904,미적용,10,3조
PB563116,2008-08-01:16:61:49,양품,NV-A,C0,12.03,4295,41641,50670,2호기,1,1169,70,1169,43,250,1163,900,적용,10,2조
PB563117,2008-08-01:16:61:58,양품,NV-A,C0,13.54,4333,50765,70140,3호기,1,1144,71,1156,56,250,1143,892,적용,10,3조
PB563118,2008-08-01:16:61:19,양품,NV-A,C0,14.05,4153,50584,69510,3호기,2,1150,72,1159,55,252,1153,909,적용,10,3조
PB563119,2008-08-01:16:62:16,양품,BV-AH32,C0,16.059,4570,24075,27740,2호기,2,1174,71,1167,58,261,1153,933,적용,10,1조
PB563120,2008-08-01:16:62:20,불량,AB/B,C0,18.09,4266,24447,29620,1호기,1,1191,78,1179,50,244,1173,966,적용,10,2조
PB563121,2008-08-01:16:62:42,양품,LR-A,C0,18.09,4373,28583,35500,1호기,2,1149,67,1156,64,257,1147,954,적용,10,3조
PB563122,2008-08-01:16:62:39,불량,LR-AH32,C0,20.1,4528,20729,14810,2호기,1,1154,77,1160,50,256,1151,961,적용,7,1조
PB563123,2008-08-01:16:62:11,양품,LR-AH32,C0,20.1,4528,20729,14810,2호기,2,1163,82,1160,53,257,1151,959,적용,8,4조
PB563124,2008-08-01:16:63:17,양품,LR-A,C0,21.43,4058,30220,41260,3호기,1,1139,64,1158,64,258,1153,966,적용,8,1조
PB563125,2008-08-01:16:63:23,불량,KR-A,C0,24.14,4490,20884,17770,3호기,2,1149,63,1164,65,244,1151,976,적용,7,1조
PB563126,2008-08-01:16:63:46,양품,LR-A,C0,23.66,4087,28336,43020,1호기,1,1169,70,1168,59,246,1156,989,적용,8,4조
PB563127,2008-08-01:16:63:37,양품,LR-A,C0,23.96,4055,18867,14390,1호기,2,1158,86,1156,57,260,1145,985,적용,8,2조
PB563128,2008-08-01:16:64:48,양품,LR-A,C0,23.64,4575,17314,14700,2호기,1,1146,75,1157,52,258,1146,957,적용,8,2조
PB563129,2008-08-01:16:64:47,양품,LR-A,C0,23.64,4575,17314,14700,2호기,2,1160,77,1160,64,253,1148,956,적용,8,4조
PB563130,2008-08-01:16:64:29,양품,NV-A,C0,15.57,4086,26951,13460,3호기,1,1195,65,1174,64,245,1160,942,적용,10,2조
PB563131,2008-08-01:16:64:44,불량,AB/A,C0,13.04,4229,38577,50100,3호기,2,1202,71,1178,60,246,1171,907,적용,10,1조
PB563132,2008-08-01:16:65:11,불량,KR-A,C0,12.55,3495,40747,56120,1호기,1,1203,78,1185,52,247,1174,890,적용,9,1조
PB563133,2008-08-01:16:65:59,양품,NV-A,C0,12.05,3361,43091,27400,1호기,2,1184,76,1172,70,250,1158,906,적용,10,3조
PB563134,2008-08-01:16:65:15,양품,NV-A,C0,13.06,3211,43105,14190,2호기,1,1182,72,1172,57,233,1157,877,적용,10,4조
PB563135,2008-08-01:17:70:18,불량,GL-A,C0,14.07,3444,37435,28480,2호기,2,1168,48,1171,79,253,1162,935,미적용,10,1조
PB563136,2008-08-01:16:65:31,양품,LR-A,C0,14.07,3501,42955,33220,3호기,1,1189,63,1175,60,238,1165,884,적용,10,4조
PB563137,2008-08-01:17:70:04,불량,NK-KA,C0,15.08,3449,36983,15100,3호기,2,1197,72,1178,56,243,1171,940,미적용,10,4조
PB563138,2008-08-01:17:70:34,불량,NV-A,C0,15.08,3335,39894,15750,1호기,1,1199,73,1183,55,248,1171,952,적용,10,1조
PB563139,2008-08-01:17:71:11,양품,LR-A,C0,15.08,3555,39469,49830,1호기,2,1164,53,1167,75,248,1160,933,적용,10,4조
PB563140,2008-08-01:17:71:22,양품,NV-A,C0,16.09,3264,37621,15510,2호기,1,1180,68,1175,59,242,1169,935,적용,10,3조
PB563141,2008-08-01:17:72:53,양품,NV-A,C0,15.38,3274,36025,14240,2호기,2,1196,60,1172,60,252,1166,932,적용,10,2조
PB563142,2008-08-01:17:70:33,불량,NV-A,C0,15.38,3315,39677,15880,3호기,1,1196,65,1181,51,240,1168,937,적용,10,2조
PB563143,2008-08-01:17:71:05,불량,AB/A,C0,15.58,3587,31410,41340,3호기,2,1199,67,1181,56,247,1171,936,적용,10,4조
PB563144,2008-08-01:17:72:04,불량,NV-A,C0,16.59,3534,35568,16370,1호기,1,1198,54,1179,57,249,1166,934,적용,10,3조
PB563145,2008-08-01:17:71:38,불량,NV-A,C0,16.6,3514,36098,16530,1호기,2,1181,53,1176,64,241,1166,936,적용,10,1조
PB563146,2008-08-01:17:71:47,불량,NV-A,C0,18.11,3414,35170,17070,3호기,1,1205,76,1185,45,237,1175,994,적용,10,2조
PB563147,2008-08-01:17:72:45,불량,LR-A,C0,18.11,3493,31898,47520,2호기,1,1202,62,1184,49,247,1172,955,적용,10,2조
PB563148,2008-08-01:17:72:44,불량,NV-A,C0,18.11,3429,35263,17190,3호기,2,1206,72,1184,52,243,1172,998,적용,10,2조
PB563149,2008-08-01:17:72:37,양품,NV-A,C0,20.14,3278,30873,32000,2호기,2,1191,62,1174,58,243,1159,982,적용,8,4조
PB563150,2008-08-01:17:73:18,양품,LR-A,C0,21.94,3812,29914,39280,1호기,1,1159,64,1155,53,256,1147,978,적용,8,4조
PB563151,2008-08-01:17:73:36,양품,NV-A,C0,21.64,3685,34777,43540,1호기,2,1185,56,1173,56,240,1158,986,적용,8,3조
PB563152,2008-08-01:17:73:45,양품,AB/AH32,C3,23.16,3208,31445,36680,2호기,2,1161,64,1166,51,241,1151,984,적용,8,4조
PB563153,2008-08-01:17:73:37,불량,LR-AH32,C0,18.11,3571,41030,62490,3호기,1,1185,80,1171,48,238,1160,958,미적용,10,1조
PB563154,2008-08-01:17:74:17,불량,LR-AH32,C0,18.11,3571,41779,84840,3호기,2,1198,81,1179,47,237,1171,960,적용,10,1조
PB563155,2008-08-01:17:74:08,양품,JS-SM490YB,C0,14.09,3284,51234,93050,2호기,1,1187,69,1167,46,244,1153,908,적용,10,2조
PB563156,2008-08-01:17:74:40,양품,KR-AH32,C0,13.56,3345,53193,37880,1호기,1,1181,54,1174,53,242,1161,914,적용,10,2조
PB563157,2008-08-01:17:74:27,양품,NV-A32,C0,12.05,3567,48723,65760,1호기,2,1192,68,1173,55,244,1161,882,적용,10,4조
PB563158,2008-08-01:17:75:00,양품,LR-B,C0,12.05,3181,43336,39120,2호기,1,1184,70,1161,51,241,1155,901,적용,10,4조
PB563159,2008-08-01:17:75:24,양품,JS-SM490A,C0,13.08,3025,53541,83150,2호기,2,1167,80,1156,49,237,1148,919,적용,10,2조
PB563160,2008-08-01:17:75:54,양품,KS-SM490B,C0,14.06,2875,54267,86100,3호기,1,1166,72,1163,60,240,1148,923,적용,10,3조
PB563161,2008-08-01:17:75:28,양품,JS-SM490YB,C0,18.1,3094,41786,91850,3호기,2,1183,64,1173,64,245,1164,957,적용,10,2조
PB563162,2008-08-01:18:80:41,불량,JS-SM490YB,C0,18.1,3094,41786,91850,1호기,1,1195,63,1173,52,243,1164,981,미적용,10,4조
PB563163,2008-08-01:18:80:53,양품,JS-SM490YB,C0,18.1,3094,41786,91850,1호기,2,1192,73,1167,58,242,1157,977,적용,10,4조
PB563164,2008-08-01:18:80:30,양품,JS-SM490YB,C0,18.1,3094,41786,91850,2호기,1,1183,79,1162,44,236,1150,936,적용,10,3조
PB563165,2008-08-01:18:80:41,불량,NV-A32,C0,18.11,3102,46259,20400,3호기,1,1194,73,1170,61,248,1165,982,적용,9,2조
PB563166,2008-08-01:18:81:17,불량,NV-A32,C0,18.11,3053,48315,62910,3호기,2,1193,63,1176,64,245,1165,973,적용,9,3조
PB563167,2008-08-01:18:81:16,불량,GL-A32,C0,17.1,3018,49195,19930,3호기,1,1198,64,1172,57,238,1165,972,미적용,10,1조
PB563168,2008-08-01:18:81:57,양품,NV-A32,C0,18.62,3111,42179,38360,1호기,1,1195,72,1165,49,240,1158,989,적용,10,4조
PB563169,2008-08-01:18:81:41,불량,NV-A32,C0,17.1,3133,50195,63330,3호기,2,1204,71,1176,50,238,1161,972,적용,10,3조
PB563170,2008-08-01:18:82:18,양품,BV-B,C0,19.13,2956,43072,76480,1호기,2,1177,63,1157,68,241,1152,957,적용,10,4조
PB563171,2008-08-01:18:82:38,양품,NV-D36-TM,T7,23.15,4075,22524,16680,2호기,2,1200,64,1159,58,237,1151,905,적용,8,3조
PB563172,2008-08-01:18:82:05,양품,NK-KA32-TM,T0,22.15,2884,30690,61560,2호기,1,1173,73,1153,58,242,1145,915,적용,8,1조
PB563173,2008-08-01:18:83:42,불량,GL-A32-TM,T0,13.06,3328,33383,22780,1호기,1,1179,66,1153,57,241,1144,863,적용,9,3조
PB563174,2008-08-01:18:83:31,양품,GL-A32-TM,T0,15.08,3239,36930,28320,1호기,2,1137,55,1136,68,245,1127,923,적용,10,3조
PB563175,2008-08-01:18:83:07,양품,GL-A32-TM,T0,15.08,2724,37058,23900,2호기,1,1147,53,1133,66,243,1122,916,적용,10,1조
PB563176,2008-08-01:18:84:08,양품,LR-AH36-TM,T7,17.61,2795,37735,43740,2호기,2,1187,62,1151,66,246,1138,904,적용,10,2조
PB563177,2008-08-01:18:84:56,불량,LR-EH32-TM,T1,13.06,2615,54458,58400,3호기,1,1174,55,1165,75,247,1150,880,미적용,10,3조
PB563178,2008-08-01:18:84:38,양품,NV-E32-TM,T1,13.06,2475,54465,55280,3호기,2,1169,56,1163,74,248,1150,889,적용,10,4조
PB563179,2008-08-01:18:84:33,양품,NV-E32-TM,T1,13.56,2475,54544,57480,1호기,1,1129,54,1130,73,261,1116,892,적용,10,3조
PB563180,2008-08-01:18:85:10,양품,KS-HSB500,T5,25,1800,30205,32010,1호기,2,1160,57,1143,73,261,1132,823,적용,8,4조
PB563181,2008-08-01:18:85:32,양품,KS-HSB500,T5,27,1915,26288,21340,2호기,1,1140,51,1134,68,262,1120,827,적용,8,4조
PB563182,2008-08-01:19:90:28,양품,API-2W-50T,T3,25.23,2616,30128,62440,2호기,2,1151,63,1138,69,250,1128,854,적용,8,4조
PB563183,2008-08-01:19:90:54,양품,API-2W-50T,T3,25.23,1990,39606,46830,3호기,1,1180,67,1159,65,251,1145,843,적용,8,1조
PB563184,2008-08-01:19:91:30,양품,GL-A36-TM,T7,36.3,2490,21986,31200,3호기,2,1189,53,1165,82,265,1160,882,적용,8,1조
PB563185,2008-08-01:19:91:41,양품,BV-EH32-TM,T1,35.29,3059,19553,16570,1호기,2,1140,55,1128,84,258,1120,936,적용,8,1조
PB563186,2008-08-01:19:92:08,양품,BV-EH36-TM,T8,38.33,3099,16740,15610,1호기,1,1165,69,1138,77,263,1130,875,적용,8,4조
PB563187,2008-08-01:19:92:22,양품,BV-EH36-TM,T8,38.33,3099,16740,15610,2호기,1,1106,57,1126,87,261,1113,873,적용,8,4조
PB563188,2008-08-01:19:92:50,양품,BV-EH36-TM,T8,38.33,3099,16740,15610,2호기,2,1157,59,1133,81,247,1124,879,적용,8,4조
PB563189,2008-08-01:19:93:33,양품,BV-EH36-TM,T8,38.33,3099,16740,15610,3호기,1,1175,65,1148,88,264,1140,875,적용,8,1조
PB563190,2008-08-01:19:93:41,양품,BV-EH36-TM,T8,38.33,3099,16740,15610,3호기,2,1174,61,1148,91,268,1138,870,적용,8,2조
PB563191,2008-08-01:19:94:45,양품,BV-EH36-TM,T8,38.33,3099,16740,15610,1호기,1,1170,56,1137,83,263,1123,881,적용,8,2조
PB563192,2008-08-01:19:94:11,양품,BV-EH36-TM,T8,38.33,3099,16740,15610,1호기,2,1124,70,1116,80,265,1104,879,적용,8,4조
PB563193,2008-08-01:19:94:56,양품,BV-EH36-TM,T8,38.33,3099,16740,15610,2호기,1,1117,53,1123,90,266,1113,873,적용,8,2조
PB563194,2008-08-01:19:95:17,양품,BV-EH36-TM,T8,38.33,3099,16740,15610,2호기,2,1157,61,1124,88,256,1112,881,적용,8,4조
PB563195,2008-08-01:19:95:14,양품,BV-EH36-TM,T8,38.33,3099,16740,15610,3호기,1,1149,69,1138,95,269,1124,880,적용,8,3조
PB563196,2008-08-01:19:95:44,양품,BV-EH36-TM,T8,38.33,3099,16740,15610,3호기,2,1150,64,1140,95,271,1132,871,적용,8,3조
PB563197,2008-08-01:20:00:16,양품,BV-EH36-TM,T8,38.33,3099,16740,15610,1호기,1,1151,66,1129,89,271,1115,873,적용,8,2조
PB563198,2008-08-01:20:00:49,양품,BV-EH36-TM,T8,38.33,3099,16740,15610,1호기,2,1126,73,1118,89,270,1110,868,적용,8,4조
PB563199,2008-08-01:20:01:07,양품,BV-EH36-TM,T8,38.33,3099,16740,15610,2호기,1,1155,71,1127,87,265,1113,875,적용,8,1조
PB563200,2008-08-01:20:01:15,양품,BV-EH36-TM,T8,38.33,3098,13334,12430,2호기,2,1151,61,1122,105,273,1109,880,적용,8,2조
PB563201,2008-08-01:20:01:53,양품,COMMON,T8,38.43,3129,16187,15280,3호기,1,1132,63,1134,109,280,1121,876,적용,8,2조
PB563202,2008-08-01:20:02:58,불량,NV-A32-TM,T0,40.35,2772,25978,45620,3호기,2,1164,77,1136,90,278,1124,897,적용,5,4조
PB563203,2008-08-01:20:02:10,양품,NV-A32-TM,T0,40.35,2772,25978,45620,3호기,1,1171,67,1139,94,276,1124,897,적용,6,1조
PB563204,2008-08-01:20:03:22,양품,GL-A36-TM,T7,40.35,2481,22663,35620,1호기,2,1124,63,1121,107,269,1116,815,적용,6,1조
PB563205,2008-08-01:20:04:03,양품,GL-A36-TM,T7,40.35,2481,22663,35620,2호기,1,1162,85,1126,93,278,1119,802,적용,6,1조
PB563206,2008-08-01:20:04:50,양품,GL-A36-TM,T7,40.35,2481,22663,35620,3호기,2,1169,87,1138,83,286,1123,805,적용,6,3조
PB563207,2008-08-01:20:05:43,양품,GL-A36-TM,T7,40.35,2481,22663,35620,1호기,2,1138,65,1125,108,283,1111,817,적용,6,2조
PB563208,2008-08-01:20:05:10,양품,NV-D32-TM,T0,40.34,2132,26513,35800,3호기,1,1173,92,1138,80,291,1128,895,적용,6,4조
PB563209,2008-08-01:21:10:48,양품,GL-A36-TM,T7,40.35,3081,23209,22650,3호기,2,1162,74,1136,101,289,1125,813,적용,6,2조
PB563210,2008-08-01:21:10:37,양품,NK-KD36-TM,T7,40.35,2751,23376,61110,1호기,1,1156,77,1128,126,304,1119,816,적용,6,2조
PB563211,2008-08-01:21:11:20,양품,NK-KD36-TM,T7,40.35,2641,23358,58620,2호기,2,1166,69,1118,141,308,1103,818,적용,6,2조
PB563212,2008-08-01:21:12:39,불량,GL-D36-TM,T7,40.35,2517,25612,40840,2호기,1,1149,73,1119,131,306,1110,818,미적용,6,1조
PB563213,2008-08-01:21:12:23,양품,GL-D36-TM,T7,40.35,2517,25612,40840,1호기,1,1172,89,1135,113,299,1128,816,적용,6,1조
PB563214,2008-08-01:21:12:16,양품,GL-A36-TM,T7,40.35,3081,23209,67950,3호기,1,1174,104,1134,85,307,1125,819,적용,6,2조
PB563215,2008-08-01:21:13:39,양품,GL-A36-TM,T7,40.35,3081,23209,67950,3호기,2,1159,87,1131,106,304,1123,816,적용,6,1조
PB563216,2008-08-01:21:14:11,양품,GL-D36-TM,T7,40.35,2517,25612,40840,1호기,2,1135,75,1120,130,320,1113,817,적용,6,4조
PB563217,2008-08-01:21:14:53,양품,GL-D36-TM,T7,40.35,2517,25612,40840,2호기,1,1151,93,1121,127,327,1110,817,적용,6,2조
PB563218,2008-08-01:21:15:56,양품,GL-A36-TM,T7,40.35,2511,22669,36060,2호기,2,1174,91,1118,135,339,1113,815,적용,6,4조
PB563219,2008-08-01:22:20:26,양품,NV-D36-TM,T7,44.39,2245,22766,17810,1호기,2,1149,82,1126,123,320,1118,816,적용,6,3조
PB563220,2008-08-01:22:21:58,불량,GL-D36-TM,T7,40.35,2518,28599,22810,3호기,1,1162,116,1124,98,320,1117,1033,미적용,6,1조
PB563221,2008-08-01:22:22:43,양품,GL-A32-TM,T0,40.35,3145,18691,37240,3호기,2,1161,100,1120,136,341,1107,894,적용,6,1조
PB563222,2008-08-01:22:21:01,양품,GL-A36-TM,T7,40.35,2511,22669,36060,1호기,1,1178,90,1127,138,333,1114,745,적용,6,3조
PB563223,2008-08-01:22:22:39,양품,PILAC-BT33,T5,40,2465,16911,26180,2호기,1,1165,112,1122,135,351,1113,910,적용,6,2조
PB563224,2008-08-01:22:22:14,양품,PILAC-BT33,T5,40,1800,18878,21340,2호기,2,1170,105,1117,135,344,1103,906,적용,6,1조
PB563225,2008-08-01:22:23:12,양품,PILAC-BT33,T5,50.45,1800,24871,35460,1호기,2,1169,111,1129,122,334,1118,891,적용,6,1조
PB563226,2008-08-01:22:24:07,양품,GL-D36-TM,T7,40.35,2518,28599,22810,3호기,1,1151,100,1128,128,339,1117,816,적용,6,2조
PB563227,2008-08-01:22:24:14,불량,NV-D36-TM,T7,40.35,2302,25536,18620,3호기,2,1161,105,1125,122,340,1118,820,적용,5,1조
PB563228,2008-08-01:22:24:55,양품,PILAC-BT33,T5,50.06,2480,10948,10670,1호기,1,1169,94,1127,160,362,1119,897,적용,6,3조
PB563229,2008-08-01:22:25:33,양품,PILAC-BT33,T5,50.06,2480,10948,10670,2호기,1,1164,149,1123,98,352,1116,888,적용,6,1조
PB563230,2008-08-01:22:25:51,양품,PILAC-BT33,T5,60.58,2305,12224,26800,2호기,2,1166,94,1121,156,355,1112,891,적용,6,2조
PB563231,2008-08-01:23:30:27,양품,BV-AH32-TM,T0,50.41,3065,12334,14960,1호기,1,1174,129,1137,113,354,1128,880,적용,6,2조
PB563232,2008-08-01:23:30:37,양품,NV-D32-TM,T0,40.34,2043,28904,37400,3호기,1,1135,106,1121,126,351,1114,887,적용,6,4조
PB563233,2008-08-01:23:30:33,양품,NV-D32-TM,T0,40.34,2043,28904,37400,3호기,2,1158,106,1124,124,351,1115,891,적용,6,2조
PB563234,2008-08-01:23:31:55,양품,PILAC-BT33,T5,40.35,2531,21641,34700,1호기,2,1148,97,1125,157,362,1118,908,적용,6,3조
PB563235,2008-08-01:23:31:38,양품,PILAC-BT33,T5,50.45,1800,22178,31620,2호기,1,1158,156,1122,96,355,1114,901,적용,6,4조
PB563236,2008-08-01:23:31:00,양품,PILAC-BT33,T5,50,2610,13158,13480,2호기,2,1164,120,1122,119,360,1110,901,적용,6,4조
PB563237,2008-08-01:23:32:13,양품,PILAC-BT33,T5,50,2610,13070,13390,1호기,1,1152,158,1134,78,364,1122,900,적용,6,2조
PB563238,2008-08-01:23:32:21,양품,NV-A32-TM,T0,40.35,2772,25978,45620,3호기,1,1120,109,1116,117,361,1105,894,적용,6,4조
PB563239,2008-08-01:23:32:45,양품,PILAC-BT33,T5,50.45,1800,25937,36980,3호기,2,1151,112,1125,116,361,1113,894,적용,6,4조
PB563240,2008-08-01:23:33:38,양품,PILAC-BT33,T5,50.06,2370,14838,13820,1호기,2,1153,134,1126,116,364,1118,897,적용,6,3조
PB563241,2008-08-01:23:33:56,양품,PILAC-BT33,T5,55.02,3055,13429,17720,2호기,1,1150,133,1120,113,371,1107,892,적용,6,1조
PB563242,2008-08-01:23:33:19,불량,PILAC-BT33,T5,55.02,3055,13429,17720,2호기,2,1151,136,1122,109,357,1116,892,미적용,6,3조
PB563243,2008-08-01:23:34:47,양품,PILAC-BT33,T5,55.02,3055,13429,17720,1호기,1,1144,165,1131,52,355,1120,896,적용,6,1조
PB563244,2008-08-01:23:34:25,양품,BV-AH32-TM,T0,40.35,3080,18563,36220,3호기,1,1109,126,1116,80,362,1107,899,적용,6,4조
PB563245,2008-08-01:23:35:30,양품,PILAC-BT33,T5,50,2610,17590,36040,3호기,2,1141,140,1127,84,363,1117,896,적용,6,4조
PB563246,2008-08-01:23:35:04,양품,PILAC-BT33,T5,60.18,2480,13255,31060,1호기,2,1137,125,1123,120,372,1110,893,적용,6,3조
PB563247,2008-08-01:23:35:39,양품,PILAC-BT33,T5,60.18,2480,13255,31060,2호기,1,1142,156,1120,85,370,1107,894,적용,6,4조
PB563248,2008-08-01:23:35:07,양품,PILAC-BT33,T5,60.57,2065,12293,12070,2호기,2,1143,155,1122,87,371,1109,901,적용,6,1조
PB563249,2008-08-02:00:00:51,양품,PILAC-BT33,T5,70.1,2280,15860,19900,1호기,1,1140,163,1125,69,366,1113,869,적용,6,1조
PB563250,2008-08-02:00:00:11,양품,PILAC-BT33,T5,70.1,2150,15340,18150,3호기,1,1108,138,1117,78,362,1102,876,적용,6,3조
PB563251,2008-08-02:00:00:42,양품,PILAC-BT33,T5,70.1,2150,13726,16240,1호기,2,1135,140,1123,93,369,1110,870,적용,6,2조
PB563252,2008-08-02:00:01:52,양품,PILAC-BT33,T5,70.1,2150,13726,16240,2호기,1,1137,141,1121,74,376,1111,876,적용,6,2조
PB563253,2008-08-02:00:01:23,양품,PILAC-BT33,T5,70.1,2280,15860,19900,3호기,2,1138,148,1126,80,375,1119,877,적용,6,2조
PB563254,2008-08-02:00:01:24,양품,PILAC-BT33,T5,70.1,2280,15860,19900,1호기,1,1134,117,1123,75,376,1116,881,적용,6,4조
PB563255,2008-08-02:00:02:45,양품,PILAC-BT33,T5,70.1,2280,15860,19900,1호기,2,1142,161,1128,66,366,1116,869,적용,6,1조
PB563256,2008-08-02:00:02:24,양품,PILAC-BT33,T5,75.16,2280,15373,20680,2호기,1,1139,120,1123,65,372,1114,876,적용,6,3조
PB563257,2008-08-02:00:02:51,양품,PILAC-BT33,T5,75.16,2280,15373,20680,3호기,1,1117,131,1119,77,364,1114,876,적용,6,1조
PB563258,2008-08-02:00:03:12,양품,PILAC-BT33,T5,75.16,2280,15373,20680,3호기,2,1141,130,1128,76,379,1123,876,적용,6,4조
PB563259,2008-08-02:00:03:56,양품,PILAC-BT33,T5,75.16,2280,15373,20680,1호기,1,1138,122,1125,66,377,1113,877,적용,6,4조
PB563260,2008-08-02:00:03:21,양품,PILAC-BT33,T5,75.16,2280,15373,20680,1호기,2,1135,146,1126,77,365,1121,878,적용,6,4조
PB563261,2008-08-02:00:03:42,양품,PILAC-BT33,T5,75.16,2280,15373,20680,2호기,1,1131,117,1125,56,362,1112,878,적용,6,3조
PB563262,2008-08-02:00:04:08,양품,PILAC-BT33,T5,75.16,2280,15373,20680,3호기,1,1119,121,1119,70,366,1109,878,적용,6,2조
PB563263,2008-08-02:00:04:24,양품,PILAC-BT33,T5,80.83,2895,9788,17980,2호기,2,1139,132,1124,80,382,1109,877,적용,6,1조
PB563264,2008-08-02:00:04:44,양품,PILAC-BT33,T5,75.33,1840,10514,11440,3호기,2,1139,129,1125,65,371,1111,877,적용,6,1조
PB563265,2008-08-02:00:05:23,양품,PILAC-BT33,T5,75.33,1840,10514,11440,2호기,2,1140,139,1123,72,390,1115,876,적용,6,4조
PB563266,2008-08-02:00:05:53,불량,PILAC-BT33,T5,80.82,2085,13176,17430,1호기,2,1138,131,1128,55,364,1122,876,미적용,6,3조
PB563267,2008-08-02:00:05:49,양품,PILAC-BT33,T5,80.82,2085,12919,17090,1호기,1,1132,78,1122,71,376,1113,842,적용,6,4조
PB563268,2008-08-02:01:10:40,양품,PILAC-BT33,T5,80.82,2085,12919,17090,2호기,1,1133,89,1122,59,378,1112,0,적용,6,2조
PB563269,2008-08-02:01:10:36,양품,PILAC-BT33,T5,80.82,2085,13176,17430,1호기,2,1130,92,1124,61,362,1116,0,적용,6,3조
PB563270,2008-08-02:01:10:23,양품,NV-D32-TM,T0,40.35,2497,23592,37320,3호기,1,1119,109,1117,76,383,1107,0,적용,6,3조
PB563271,2008-08-02:02:20:10,양품,GL-D36-TM,T7,40.35,3121,22962,22700,3호기,2,1140,90,1119,124,342,1113,816,적용,6,2조
PB563272,2008-08-02:01:15:42,양품,BV-AH32-TM,T0,50.41,3065,13282,16110,1호기,1,1133,70,1118,108,342,1111,889,적용,6,1조
PB563273,2008-08-02:02:20:47,양품,GL-A36-TM,T7,40.35,3229,15692,32100,2호기,1,1135,100,1113,109,342,1108,815,적용,6,3조
PB563274,2008-08-02:02:22:36,불량,BV-AH36-TM,T7,40.35,3059,15821,30660,2호기,2,1135,93,1119,134,342,1106,812,적용,5,4조
PB563275,2008-08-02:02:22:35,양품,NV-D36-TM,T7,40.35,2880,18679,17040,3호기,1,1114,85,1117,135,342,1103,815,적용,6,3조
PB563276,2008-08-02:02:21:32,양품,NV-A36-TM,T7,40.35,2660,20165,16990,3호기,2,1143,94,1122,110,342,1113,816,적용,6,3조
PB563277,2008-08-02:02:21:53,양품,NV-A36-TM,T7,40.35,2343,20157,29920,1호기,1,1123,78,1118,112,342,1104,818,적용,6,3조
PB563278,2008-08-02:02:22:38,양품,GL-D36-TM,T7,40.35,2306,20714,30260,1호기,2,1130,105,1120,115,342,1108,812,적용,6,3조
PB563279,2008-08-02:02:24:43,불량,A131-DH36TM,T7,70.7,3570,9175,18180,2호기,2,1128,92,1121,145,342,1106,859,미적용,6,3조
PB563280,2008-08-02:02:24:54,양품,BV-EH36-TM,T8,73.71,2725,11041,17410,2호기,1,1119,70,1118,130,342,1108,812,적용,6,4조
PB563281,2008-08-02:02:24:05,양품,BV-EH36-TM,T8,73.71,2725,11041,17410,3호기,1,1124,84,1121,129,342,1107,819,적용,6,4조
PB563282,2008-08-02:02:25:03,양품,NV-D36-TM,T7,54.41,2725,11031,12840,3호기,2,1139,82,1127,130,342,1113,814,적용,6,2조
PB563283,2008-08-02:02:25:53,양품,AB/EH36-TM,T8,76.91,2560,7893,12200,1호기,1,1111,77,1118,144,360,1110,837,적용,6,1조
PB563284,2008-08-02:02:25:12,양품,AB/EH36-TM,T8,76.91,2560,7893,12200,1호기,2,1113,71,1118,143,360,1110,842,적용,6,1조
PB563285,2008-08-02:02:25:51,양품,AB/EH36-TM,T8,76.91,2560,7893,12200,2호기,1,1103,68,1122,143,360,1110,848,적용,6,1조
PB563286,2008-08-02:03:30:46,양품,BV-AH36-TL,T7,73.73,1840,10019,10670,2호기,2,1144,102,1123,139,342,1109,814,적용,6,4조
PB563287,2008-08-02:03:31:22,양품,COMMON,T7,75.74,1840,16672,36480,3호기,1,1124,77,1127,143,342,1119,811,적용,6,1조
PB563288,2008-08-02:03:31:18,불량,BV-AH36-TL,T7,75.74,1840,9753,10670,3호기,2,1123,55,1135,155,342,1120,811,미적용,6,3조
PB563289,2008-08-02:03:31:28,양품,BV-AH36-TL,T7,75.74,1840,9753,10670,1호기,1,1114,72,1131,155,342,1124,815,적용,6,2조
PB563290,2008-08-02:03:32:35,양품,NV-A,C0,15.08,3333,51475,20310,1호기,2,1122,64,1123,167,342,1109,861,적용,10,2조
PB563291,2008-08-02:03:32:45,양품,NV-A,C0,16.09,3408,50690,43640,3호기,1,1119,75,1133,163,342,1123,867,적용,10,1조
PB563292,2008-08-02:03:33:56,양품,LR-A,C0,13.06,3499,53300,57360,2호기,1,1118,62,1129,174,342,1122,840,적용,10,1조
PB563293,2008-08-02:03:33:46,양품,NV-A,C0,13.06,3445,53682,18960,2호기,2,1147,73,1129,164,342,1124,723,적용,10,3조
PB563294,2008-08-02:03:34:03,양품,NV-A,C0,13.06,3295,52130,17610,3호기,2,1177,139,1139,107,342,1129,842,적용,10,4조
PB563295,2008-08-02:03:34:39,양품,LR-A,C0,13.36,3565,54883,20520,1호기,2,1131,56,1136,178,342,1127,860,적용,10,3조
PB563296,2008-08-02:03:35:16,양품,LR-A,C0,13.06,3270,53930,18080,1호기,1,1178,137,1144,114,342,1135,853,적용,10,1조
PB563297,2008-08-02:05:54:49,양품,LR-A,C0,13.06,3430,52438,36880,2호기,1,1171,125,1133,123,342,1124,909,적용,10,3조
PB563298,2008-08-02:05:54:05,양품,LR-A,C0,13.06,3405,54170,56730,2호기,2,1141,59,1130,194,342,1116,875,적용,10,1조
PB563299,2008-08-02:05:55:41,양품,NV-A,C0,13.36,3573,51718,38760,3호기,1,1169,156,1134,110,342,1124,872,적용,10,2조
PB563300,2008-08-02:05:55:17,양품,BV-A,C0,13.36,3276,43542,44880,3호기,2,1163,133,1135,131,360,1126,879,적용,10,2조
PB563301,2008-08-02:05:55:51,양품,LR-A,C0,13.06,3266,41901,14030,1호기,1,1166,121,1136,138,360,1123,902,적용,10,4조
PB563302,2008-08-02:06:60:18,양품,KR-A,C0,12.55,3391,43403,14500,1호기,2,1165,115,1139,142,360,1127,904,적용,10,1조
PB563303,2008-08-02:06:60:22,양품,NV-A,C0,12.05,3382,48388,15480,2호기,1,1159,141,1136,112,342,1125,893,적용,10,1조
PB563304,2008-08-02:06:60:18,양품,NV-A,C0,12.05,3375,52090,33260,2호기,2,1167,147,1137,118,342,1125,887,적용,10,1조
PB563305,2008-08-02:06:60:22,양품,NV-A,C0,12.56,3210,42686,13510,3호기,1,1160,153,1138,112,342,1125,906,적용,10,4조
PB563306,2008-08-02:06:61:23,양품,AB/A,C0,12.56,3036,43729,39270,3호기,2,1160,115,1139,146,342,1125,932,적용,10,1조
PB563307,2008-08-02:06:61:04,양품,LR-A,C0,12.56,3151,43324,13460,1호기,1,1157,133,1140,130,342,1134,929,적용,10,3조
PB563308,2008-08-02:06:61:21,양품,LR-A,C0,12.55,3151,43359,13460,1호기,2,1161,128,1144,130,342,1134,935,적용,10,2조
PB563309,2008-08-02:06:61:39,불량,NV-A,C0,12.05,3161,43778,26180,2호기,1,1154,148,1143,111,342,1137,924,미적용,10,3조
PB563310,2008-08-02:06:62:07,양품,KR-A,C0,12.56,3101,43663,13350,2호기,2,1158,134,1143,129,342,1134,931,적용,10,1조
PB563311,2008-08-02:06:62:46,양품,NV-A,C0,13.06,2895,52695,46920,3호기,1,1154,158,1144,102,342,1136,926,적용,10,3조
PB563312,2008-08-02:06:62:08,양품,LR-A,C0,13.06,2915,52501,15690,3호기,2,1157,158,1147,101,342,1139,924,적용,10,4조
PB563313,2008-08-02:06:62:32,양품,GL-A,C0,13.06,2895,51819,15380,1호기,1,1157,137,1146,126,342,1139,924,적용,10,1조
PB563314,2008-08-02:06:63:01,양품,NV-A,C0,13.06,2825,52206,15120,1호기,2,1154,136,1147,124,342,1141,924,적용,10,4조
PB563315,2008-08-02:06:63:28,양품,NV-A,C0,13.06,2895,52156,15480,2호기,1,1149,148,1143,123,342,1132,923,적용,10,2조
PB563316,2008-08-02:06:63:18,양품,NK-KA,C0,13.06,2930,52765,47550,2호기,2,1155,140,1145,114,342,1138,927,적용,10,4조
PB563317,2008-08-02:06:63:44,양품,LR-A,C0,13.06,2878,51075,15070,3호기,1,1156,168,1145,94,342,1136,934,적용,10,3조
PB563318,2008-08-02:06:64:58,양품,LR-A,C0,13.06,2912,48368,14440,3호기,2,1158,194,1147,79,342,1140,909,적용,10,4조
PB563319,2008-08-02:06:64:04,양품,LR-A,C0,15.38,3125,51790,19540,1호기,1,1156,157,1148,115,342,1133,942,적용,10,2조
PB563320,2008-08-02:06:64:18,양품,KS-SM490B,C0,16,2930,40950,75350,2호기,2,1151,165,1144,90,342,1138,960,적용,10,2조
PB563321,2008-08-02:06:65:20,양품,LR-A,C0,18.41,3127,46226,41780,1호기,2,1155,158,1151,105,342,1136,959,적용,10,4조
PB563322,2008-08-02:06:65:46,양품,LR-A,C0,17.1,2804,51488,58140,2호기,1,1142,170,1147,69,342,1137,957,적용,10,1조
PB563323,2008-08-02:06:65:11,양품,NV-A,C0,18.11,3122,47067,41780,3호기,1,1138,217,1148,62,342,1137,957,적용,10,2조
PB563324,2008-08-02:06:65:42,양품,NV-A,C0,18.11,3133,48877,21770,3호기,2,1138,239,1150,62,342,1136,956,적용,10,4조
PB563325,2008-08-02:07:70:26,불량,NV-A,C0,19.13,3133,49693,46760,3호기,1,1142,226,1153,55,342,1144,993,미적용,10,2조
PB563326,2008-08-02:07:70:38,양품,AB/A,C0,19.63,3102,44894,64380,3호기,2,1147,249,1154,53,360,1144,997,적용,10,4조
PB563327,2008-08-02:07:70:36,양품,AB/A,C0,19.63,3102,44894,64380,1호기,2,1149,143,1148,190,360,1134,949,적용,10,3조
PB563328,2008-08-02:07:70:22,양품,KS-SM400A,C0,40,2463,23170,35840,1호기,1,1158,129,1148,194,342,1135,995,적용,6,2조
PB563329,2008-08-02:07:71:13,불량,KS-SM400A,C0,40.16,2464,26416,41040,2호기,1,1135,243,1152,66,342,1147,1071,적용,6,3조
PB563330,2008-08-02:07:71:31,불량,JS-SS400,C0,30.13,2466,31272,91200,2호기,2,1137,217,1149,80,342,1143,1035,적용,8,2조
PB563331,2008-08-02:07:71:13,불량,JS-SS400,C0,30.13,2466,31272,91200,1호기,1,1134,243,1148,72,342,1142,1035,적용,8,2조
PB563332,2008-08-02:07:71:12,불량,JS-SS400,C0,30.13,2466,31272,91200,1호기,2,1137,234,1150,69,342,1144,1030,적용,8,3조
PB563333,2008-08-02:07:72:16,불량,JS-SS400,C0,30.13,2463,22916,40050,2호기,2,1136,221,1153,74,342,1141,1046,적용,8,1조
PB563334,2008-08-02:07:71:03,불량,KS-SS400,C0,25.12,2531,40072,20000,2호기,1,1151,229,1158,57,342,1149,1033,적용,8,2조
PB563335,2008-08-02:07:72:44,불량,KR-A,C0,22.66,2513,46374,82920,3호기,1,1163,229,1158,60,342,1153,1028,적용,8,4조
PB563336,2008-08-02:07:72:09,불량,KR-A,C0,21.15,2655,42785,75440,3호기,2,1153,251,1156,71,342,1150,1025,적용,8,1조
PB563337,2008-08-02:07:73:29,양품,KR-A,C0,22.66,2513,46374,82920,1호기,1,1164,245,1158,60,342,1153,997,적용,8,3조
PB563338,2008-08-02:07:73:47,불량,KR-A,C0,22.66,2783,46379,91840,3호기,1,1172,219,1162,51,342,1152,1001,적용,8,1조
PB563339,2008-08-02:07:73:14,불량,NV-A,C0,21.15,2648,47516,62670,1호기,2,1156,216,1156,74,342,1143,999,미적용,8,4조
PB563340,2008-08-02:07:73:44,불량,KR-A,C0,21.15,2732,44908,81480,2호기,1,1166,229,1162,59,342,1157,999,적용,7,4조
PB563341,2008-08-02:07:74:13,불량,LR-A,C0,19.13,2713,48722,59550,3호기,2,1166,231,1160,69,342,1146,1004,적용,10,1조
PB563342,2008-08-02:07:74:39,불량,CCS-B,C0,19.13,2531,40728,30960,2호기,2,1157,206,1156,77,342,1144,1016,적용,10,4조
PB563343,2008-08-02:07:74:31,불량,KS-SM490A,C0,20.1,2532,45155,54120,1호기,1,1182,241,1171,37,342,1160,1020,적용,8,3조
PB563344,2008-08-02:07:74:32,불량,JS-SM490A,C0,19.1,2469,34063,37830,1호기,2,1165,193,1161,72,342,1148,1026,적용,10,1조
PB563345,2008-08-02:07:75:54,불량,BV-AH32,C0,19.63,2451,43395,49170,2호기,1,1174,75,1163,52,360,1152,1024,적용,10,2조
PB563346,2008-08-02:07:75:32,불량,BV-AH32,C0,19.63,2452,43377,49170,2호기,2,1171,186,1159,79,360,1146,1021,적용,10,1조
PB563347,2008-08-02:07:75:02,불량,JS-SS400,C0,19.1,2702,50922,61890,3호기,1,1179,212,1163,53,342,1150,1006,적용,10,3조
PB563348,2008-08-02:07:75:16,불량,LR-B,C0,20.14,2701,40512,51900,3호기,2,1180,182,1163,68,342,1148,1019,적용,8,2조
PB563349,2008-08-02:07:75:14,불량,KS-SM490A,C0,20.1,2472,51122,59820,1호기,1,1184,199,1169,44,360,1159,1025,적용,8,2조
PB563350,2008-08-02:08:80:45,양품,BV-B,C0,20.44,2411,42987,49890,1호기,2,1171,185,1162,67,342,1156,990,적용,8,3조
PB563351,2008-08-02:08:80:05,불량,LR-A,C0,18.62,2745,54258,108850,3호기,1,1178,69,1165,57,342,1159,1005,적용,10,1조
PB563352,2008-08-02:08:80:24,양품,LR-A,C0,18.11,2595,54917,40520,2호기,1,1176,88,1163,52,342,1156,987,적용,10,2조
PB563353,2008-08-02:08:80:38,양품,JS-SM400B,C0,18.1,2520,42675,61120,2호기,2,1171,63,1160,76,342,1148,958,적용,10,3조
PB563354,2008-08-02:08:81:50,불량,JS-SM400B,C0,18.1,2520,42675,61120,3호기,2,1180,67,1163,68,342,1158,1027,적용,10,3조
PB563355,2008-08-02:08:81:00,불량,JS-SM400B,C0,18.1,2520,42675,61120,1호기,1,1175,75,1165,42,342,1158,1031,적용,10,3조
PB563356,2008-08-02:08:81:53,불량,LR-A,C0,15.08,2523,50959,30440,1호기,2,1171,59,1163,70,342,1155,1002,적용,10,3조
PB563357,2008-08-02:08:81:21,양품,NV-A,C0,15.08,2523,50089,29920,2호기,1,1165,74,1160,55,342,1153,962,적용,10,3조
PB563358,2008-08-02:08:81:33,양품,JS-SM490YB,C0,16.09,2512,37380,35580,2호기,2,1182,82,1162,64,342,1152,973,적용,10,2조
PB563359,2008-08-02:08:82:08,양품,KR-A,C0,15.08,2520,54674,16310,3호기,1,1180,78,1162,53,342,1150,998,적용,10,1조
PB563360,2008-08-02:08:82:51,양품,NV-A,C0,16.6,2675,54392,18960,3호기,2,1182,74,1164,55,342,1156,982,적용,10,3조
PB563361,2008-08-02:08:82:11,양품,LR-A,C0,16.39,2405,42303,13090,1호기,1,1168,64,1161,52,342,1154,984,적용,10,1조
PB563362,2008-08-02:08:83:15,양품,LR-A,C0,15.89,2562,46342,14810,1호기,2,1174,61,1165,73,342,1160,978,적용,10,4조
PB563363,2008-08-02:08:83:39,양품,LR-A,C0,16.09,2655,52841,35440,2호기,1,1169,77,1159,58,342,1153,968,적용,10,3조
PB563364,2008-08-02:08:83:02,양품,BV-AH32,C0,15.08,2611,43709,40530,2호기,2,1177,77,1161,71,342,1147,1000,적용,10,1조
PB563365,2008-08-02:08:84:00,불량,NV-A32,C0,16.6,2481,42808,13840,3호기,1,1169,65,1158,67,342,1150,1004,미적용,10,4조
PB563366,2008-08-02:08:84:44,불량,LR-A,C0,14.07,2610,54254,62560,3호기,2,1169,73,1162,61,342,1153,955,미적용,10,4조
PB563367,2008-08-02:08:84:18,양품,NK-KA,C0,14.07,2555,52835,44730,1호기,1,1165,61,1158,57,342,1143,960,적용,10,4조
PB563368,2008-08-02:08:84:54,양품,NV-A,C0,14.07,2558,49658,28060,1호기,2,1170,65,1161,70,342,1154,964,적용,10,2조
PB563369,2008-08-02:08:85:13,양품,NV-A,C0,14.58,2615,54862,32840,2호기,1,1168,58,1158,58,342,1151,959,적용,10,4조
PB563370,2008-08-02:08:85:41,양품,NK-KA,C0,13.06,2750,54906,61920,2호기,2,1167,66,1158,84,342,1143,933,적용,10,2조
PB563371,2008-08-02:08:85:54,양품,GL-A,C0,13.06,2695,51901,14340,3호기,1,1165,70,1157,62,342,1142,958,적용,10,1조
PB563372,2008-08-02:08:85:43,양품,NV-A,C0,13.57,2795,54444,32420,3호기,2,1168,72,1161,60,342,1146,941,적용,10,1조
PB563373,2008-08-02:09:90:04,양품,LR-A,C0,18.41,2200,43624,41610,1호기,1,1160,49,1154,61,342,1139,991,적용,10,4조
PB563374,2008-08-02:09:90:13,양품,BV-B,C0,18.4,2200,43176,41160,1호기,2,1165,60,1158,70,342,1153,987,적용,10,4조
PB563375,2008-08-02:09:90:06,양품,LR-A,C0,18.61,2200,43497,27960,2호기,1,1150,57,1160,55,342,1153,993,적용,10,1조
PB563376,2008-08-02:09:92:56,양품,A283-C,C0,18.15,2281,40770,53000,2호기,2,1163,73,1155,86,342,1147,981,적용,10,2조
PB563377,2008-08-02:09:92:41,불량,SA283-C,C0,20.18,2281,43144,77950,3호기,1,1159,66,1155,80,342,1143,1002,적용,8,4조
PB563378,2008-08-02:09:92:29,불량,SA283-C,C0,20.18,2240,39679,84480,3호기,2,1170,78,1159,59,342,1147,1044,적용,8,3조
PB563379,2008-08-02:09:93:01,불량,LR-A,C0,20.43,2245,39828,14340,1호기,1,1157,55,1154,76,342,1145,1007,적용,8,1조
PB563380,2008-08-02:09:93:10,양품,LR-A,C0,20.13,2200,39897,13870,1호기,2,1158,63,1156,87,342,1144,975,적용,8,2조
PB563381,2008-08-02:09:93:08,양품,SA283-C,C0,20.18,2200,38019,66250,2호기,1,1151,63,1157,78,342,1152,991,적용,8,2조
PB563382,2008-08-02:09:93:58,불량,SA283-C,C0,20.18,2200,38019,66250,2호기,2,1154,78,1154,87,342,1143,979,미적용,8,4조
PB563383,2008-08-02:09:93:18,양품,SA283-C,C0,20.18,2200,40687,85080,3호기,1,1162,59,1162,68,398,1150,982,적용,8,4조
PB563384,2008-08-02:09:94:46,불량,KS-SM490A,C0,20.1,1929,34136,20780,3호기,2,1162,78,1158,73,360,1153,1018,적용,8,4조
PB563385,2008-08-02:09:94:36,불량,KR-A,C0,22.66,2339,34345,42870,1호기,1,1150,57,1150,85,342,1138,1010,적용,8,1조
PB563386,2008-08-02:09:94:19,불량,KR-A,C0,22.66,2339,34345,42870,1호기,2,1157,60,1156,85,342,1144,1018,적용,8,4조
PB563387,2008-08-02:09:94:08,불량,SA283-C,C0,20.18,2379,34601,65200,2호기,1,1171,78,1158,66,342,1147,1011,적용,8,2조
PB563388,2008-08-02:09:94:00,불량,SA283-C,C0,20.18,2200,38019,66250,2호기,2,1171,72,1166,69,342,1161,1010,적용,8,4조
PB563389,2008-08-02:09:94:51,불량,SA283-C,C0,20.18,2200,38019,66250,3호기,1,1182,73,1164,67,342,1151,1004,적용,8,1조
PB563390,2008-08-02:09:95:40,불량,SA283-C,C0,20.18,2200,37875,79200,3호기,2,1176,72,1162,68,342,1154,1013,적용,7,2조
PB563391,2008-08-02:09:95:30,양품,SA283-C,C0,20.18,2200,38019,66250,1호기,1,1174,62,1165,65,342,1151,999,적용,8,2조
PB563392,2008-08-02:09:95:20,양품,SA283-C,C0,20.18,2200,38019,66250,1호기,2,1172,61,1165,77,342,1157,999,적용,8,1조
PB563393,2008-08-02:09:95:19,불량,A283-C,C0,26.24,2583,31256,83150,2호기,1,1165,73,1160,63,369,1147,1026,적용,8,3조
PB563394,2008-08-02:09:95:13,불량,A283-C,C0,26.24,2583,31256,83150,2호기,2,1177,69,1177,65,395,1165,1036,적용,8,4조
PB563408,2008-08-02:10:00:16,불량,LR-AH32,C0,17.1,2723,51159,37400,3호기,1,1179,81,1168,63,395,1160,950,미적용,10,2조
PB563409,2008-08-02:10:00:37,양품,NV-A32,C0,16.09,2593,49005,48150,3호기,2,1177,76,1166,64,361,1155,977,적용,10,2조
PB563410,2008-08-02:10:00:18,불량,NV-A32,C0,16.09,2590,40289,26360,1호기,1,1193,66,1181,62,373,1166,964,적용,10,1조
PB563411,2008-08-02:10:00:25,불량,NV-A32,C0,16.09,2590,40442,26460,1호기,2,1198,63,1180,75,385,1165,944,적용,10,1조
PB563412,2008-08-02:10:01:47,양품,NV-A32,C0,15.08,2485,54560,16050,2호기,1,1117,58,1156,75,376,1142,927,적용,10,1조
PB563413,2008-08-02:10:01:20,불량,NK-KA32,C0,15.08,2695,53568,17090,2호기,2,1202,93,1177,41,377,1171,962,적용,10,1조
PB563414,2008-08-02:10:01:49,양품,GL-A32,C0,15.08,2770,54649,71680,3호기,1,1175,93,1162,46,250,1147,955,적용,10,4조
PB563415,2008-08-02:10:01:16,양품,NV-A,C0,14.07,2565,54111,15330,3호기,2,1156,50,1168,76,371,1154,947,적용,10,1조
PB563416,2008-08-02:10:02:54,양품,LR-A,C0,13.06,2695,54543,30140,1호기,1,1188,98,1170,41,246,1160,951,적용,10,4조
PB563417,2008-08-02:10:02:14,양품,NV-A32,C0,12.56,2693,54195,14390,1호기,2,1173,63,1169,76,373,1164,959,적용,10,3조
PB563418,2008-08-02:10:02:27,양품,GL-A32,C0,12.05,2732,48098,37290,2호기,1,1136,82,1149,54,279,1137,961,적용,10,3조
PB563419,2008-08-02:10:02:57,양품,LR-A,C0,12.05,2557,32331,15640,2호기,2,1192,94,1167,44,277,1158,971,적용,10,1조
PB563420,2008-08-02:10:03:54,양품,NV-A,C0,12.05,2298,35974,7820,3호기,1,1175,84,1163,58,272,1150,984,적용,10,4조
PB563421,2008-08-02:10:03:13,양품,LR-AH32,C0,16.09,2381,43526,13090,3호기,2,1167,79,1162,59,261,1155,1000,적용,10,4조
PB563422,2008-08-02:10:03:27,불량,SA283-C,C0,20.18,2379,35291,66500,1호기,1,1173,89,1159,52,246,1146,1001,적용,8,3조
PB563423,2008-08-02:10:03:29,불량,NV-A32,C0,19.12,2331,42759,14960,1호기,2,1184,85,1168,54,256,1159,949,적용,9,4조
PB563424,2008-08-02:10:04:32,양품,JS-SM490YA,C0,19.1,2040,38774,35580,2호기,1,1146,81,1151,61,261,1136,1000,적용,10,2조
PB563425,2008-08-02:10:04:28,불량,JS-SM490A,C0,30.13,2288,30730,33260,2호기,2,1150,87,1154,54,259,1141,1010,적용,8,1조
PB563426,2008-08-02:10:04:00,양품,V42JBN3,C3,32.06,2200,30595,50820,3호기,1,1141,73,1153,65,258,1144,921,적용,8,2조
PB563427,2008-08-02:10:04:27,불량,JS-SM400A,C0,100.34,2315,9547,17410,3호기,2,1144,85,1150,52,269,1140,1050,적용,6,3조
PB563428,2008-08-02:10:04:06,불량,JS-SM400A,C0,100.34,2315,9547,17410,1호기,1,1130,78,1137,61,268,1127,1037,적용,6,4조
PB563429,2008-08-02:10:05:55,양품,NV-A32,C0,19.13,2733,49754,20420,1호기,2,1164,72,1158,60,255,1147,961,적용,10,2조
PB563430,2008-08-02:10:05:27,양품,NV-A32,C0,16.09,2690,54743,18600,2호기,1,1169,69,1160,64,257,1155,977,적용,10,4조
PB563431,2008-08-02:10:05:41,양품,BV-AH32,C0,16.09,2471,43959,13720,2호기,2,1167,81,1158,55,259,1145,995,적용,10,3조
PB563432,2008-08-02:11:10:15,양품,NK-KA32,C0,15.08,2568,51612,15690,3호기,1,1162,70,1158,63,246,1143,965,적용,10,1조
PB563433,2008-08-02:11:10:48,양품,GL-A32,C0,13.06,2783,49699,42540,3호기,2,1174,73,1164,64,258,1156,948,적용,10,2조
PB563434,2008-08-02:11:10:20,양품,NV-A32,C0,13.06,2730,52343,29300,1호기,1,1148,71,1147,66,244,1132,941,적용,10,3조
PB563435,2008-08-02:11:10:40,양품,LR-AH32,C0,12.05,2680,53883,27320,1호기,2,1169,69,1161,66,258,1150,941,적용,10,4조
PB563436,2008-08-02:11:11:21,불량,AB/AH32,C0,12.56,2690,53690,42720,2호기,1,1170,78,1161,57,242,1152,909,적용,9,4조
PB563437,2008-08-02:11:11:44,양품,BV-AH32,C0,12.05,2750,54511,42540,2호기,2,1171,71,1162,67,260,1150,936,적용,10,4조
PB563438,2008-08-02:11:11:11,양품,AB/AH32,C0,12.56,2693,53630,42720,3호기,1,1166,67,1157,69,257,1151,938,적용,10,2조
PB563439,2008-08-02:11:11:33,양품,AB/AH32,C0,12.56,2693,53819,42870,3호기,2,1183,78,1166,58,257,1160,936,적용,10,4조
PB563440,2008-08-02:11:12:03,양품,KR-AH32,C0,13.06,2685,53620,29520,1호기,1,1164,69,1157,69,238,1147,942,적용,10,4조
PB563441,2008-08-02:11:12:30,양품,NV-A32,C0,13.06,2790,54853,15690,1호기,2,1157,69,1155,68,256,1147,937,적용,10,2조
PB563442,2008-08-02:11:12:59,양품,NK-KA32,C0,14.07,2583,51351,14650,2호기,1,1169,79,1164,70,254,1151,950,적용,10,1조
PB563443,2008-08-02:11:12:33,양품,NV-A32,C0,14.58,2513,50587,14550,2호기,2,1174,45,1168,68,262,1159,996,적용,10,4조
PB563444,2008-08-02:11:12:31,불량,KS-SM490A,C0,30.13,2527,26702,31920,3호기,1,1156,51,1155,69,257,1146,1016,적용,8,4조
PB563445,2008-08-02:11:13:34,불량,A283-C,C0,26.24,2516,29965,62120,3호기,2,1172,61,1164,57,254,1155,1034,적용,8,3조
PB563446,2008-08-02:11:13:16,불량,A283-C,C0,26.24,2517,31959,66280,1호기,1,1162,79,1156,69,245,1142,1019,적용,8,2조
PB563447,2008-08-02:11:13:09,불량,NV-A,C0,25.19,2675,38112,40320,1호기,2,1145,46,1149,68,257,1136,1005,적용,8,3조
PB563448,2008-08-02:11:13:04,불량,LR-A,C0,22.15,2500,38854,33780,2호기,1,1178,70,1163,56,251,1155,1025,적용,8,3조
PB563449,2008-08-02:11:13:48,불량,SA283-C,C0,19.18,2529,34246,65200,2호기,2,1171,58,1164,56,252,1156,1025,적용,9,2조
PB563450,2008-08-02:11:14:47,불량,JS-SM490YA,C0,19.1,2040,38774,35580,3호기,1,1145,61,1152,68,273,1137,1033,적용,10,2조
PB563451,2008-08-02:11:14:39,불량,JS-SM490YA,C0,19.1,2040,38774,35580,3호기,2,1168,71,1162,56,261,1154,1035,적용,10,1조
PB563452,2008-08-02:11:14:33,불량,NV-A32,C0,17.1,2346,42741,13460,1호기,1,1171,55,1159,69,252,1151,1013,적용,10,2조
PB563453,2008-08-02:11:14:43,양품,JS-SM490A,C0,14.09,2754,42972,52360,1호기,2,1130,54,1141,66,267,1132,941,적용,10,2조
PB563454,2008-08-02:11:14:05,양품,SA283-C,C0,14.12,3128,39398,68300,2호기,1,1171,69,1168,52,252,1163,957,적용,10,3조
PB563455,2008-08-02:11:15:43,양품,SA283-C,C0,16.14,3125,32934,65200,2호기,2,1173,70,1165,51,250,1154,975,적용,10,4조
PB563456,2008-08-02:11:15:44,양품,SA283-C,C0,16.14,3125,32934,65200,3호기,1,1156,68,1157,65,250,1143,975,적용,10,4조
PB563457,2008-08-02:11:15:58,양품,SA283-C,C0,18.16,3126,31483,70150,3호기,2,1184,67,1167,52,250,1158,991,적용,10,3조
PB563458,2008-08-02:11:15:52,불량,A283-C,C0,19.18,3125,28607,40380,1호기,1,1161,62,1156,69,250,1149,988,적용,9,4조
PB563459,2008-08-02:11:15:57,양품,BV-B,C0,20.43,2999,34888,50340,1호기,2,1146,54,1151,66,248,1140,993,적용,8,2조
PB563460,2008-08-02:12:20:11,양품,SA283-C,C0,20.19,3126,31466,77950,2호기,1,1177,71,1172,50,247,1162,994,적용,8,3조
PB563461,2008-08-02:12:20:07,양품,SA283-C,C0,20.18,3082,32996,80550,2호기,2,1177,73,1164,47,245,1157,989,적용,8,3조
PB563462,2008-08-02:12:20:43,양품,NV-A32,C0,20.14,3026,42578,20370,3호기,1,1165,67,1160,63,256,1152,991,적용,8,4조
PB563463,2008-08-02:12:20:34,양품,SA283-C,C0,20.19,3125,29154,57760,3호기,2,1167,62,1166,60,251,1156,982,적용,8,3조
PB563464,2008-08-02:12:20:20,불량,SA283-C,C0,33.67,3127,19298,47850,1호기,1,1181,72,1166,60,248,1154,1037,적용,8,3조
PB563465,2008-08-02:12:22:25,양품,LR-A,C0,19.93,3112,45576,44380,3호기,1,1170,72,1163,62,251,1156,984,적용,10,2조
PB563466,2008-08-02:12:22:48,양품,LR-A,C0,20.14,2800,51753,22910,3호기,2,1180,63,1170,61,252,1156,993,적용,8,2조
PB563467,2008-08-02:12:21:06,양품,NV-A32,C0,16.6,3137,46650,57210,1호기,2,1175,61,1167,66,252,1157,960,적용,10,1조
PB563468,2008-08-02:12:21:29,양품,NV-A32,C0,15.08,3138,51471,19120,2호기,1,1192,76,1173,42,241,1159,956,적용,10,4조
PB563469,2008-08-02:12:22:13,양품,LR-AH32,C0,15.08,3060,51927,18810,2호기,2,1176,71,1164,57,250,1155,927,적용,10,1조
PB563470,2008-08-02:12:22:25,불량,LR-AH32,C0,13.57,2801,50842,30340,1호기,1,1181,63,1168,64,254,1157,947,미적용,10,2조
PB563471,2008-08-02:12:23:57,양품,LR-AH32,C0,13.57,2815,53723,16110,1호기,2,1177,63,1165,62,252,1154,941,적용,10,1조
PB563472,2008-08-02:12:23:11,불량,LR-AH32,C0,19.63,3097,47041,22450,3호기,1,1177,72,1164,60,253,1159,1004,적용,10,4조
PB563473,2008-08-02:12:23:29,양품,NV-A32,C0,19.63,2903,49358,44160,3호기,2,1177,72,1166,60,248,1156,998,적용,10,1조
PB563474,2008-08-02:12:23:51,양품,NK-KA32,C0,13.06,2800,52672,60480,2호기,1,1183,73,1165,55,257,1150,937,적용,10,3조
PB563475,2008-08-02:12:24:29,양품,NK-KA32,C0,13.06,3083,49640,31380,2호기,2,1188,71,1166,58,256,1154,942,적용,10,4조
PB563476,2008-08-02:12:24:53,양품,NK-KA32,C0,13.06,2850,52809,61720,1호기,1,1192,63,1173,64,255,1168,938,적용,10,1조
PB563477,2008-08-02:12:24:54,양품,NK-KA32,C0,13.06,2865,52873,62120,1호기,2,1185,62,1170,63,253,1156,943,적용,10,3조
PB563478,2008-08-02:12:24:12,양품,LR-A,C0,13.06,3092,49180,46770,2호기,1,1164,70,1159,52,236,1147,915,적용,10,1조
PB563479,2008-08-02:12:25:26,양품,NV-A32,C0,13.06,2997,47842,14700,2호기,2,1171,65,1163,58,255,1150,928,적용,10,1조
PB563480,2008-08-02:12:25:51,양품,NK-KA32,C0,13.06,2995,53965,49710,3호기,1,1182,62,1166,65,252,1157,931,적용,10,1조
PB563481,2008-08-02:12:25:42,양품,NK-KA32,C0,13.06,2800,52672,60480,3호기,2,1176,70,1162,67,254,1151,932,적용,10,2조
PB563482,2008-08-02:12:25:02,양품,NK-KA32,C0,13.06,2857,49128,28780,1호기,1,1186,66,1170,59,254,1164,926,적용,10,3조
PB563483,2008-08-02:13:30:39,양품,GL-A32,C0,12.05,2835,54443,14600,1호기,2,1172,60,1161,74,255,1146,919,적용,10,2조
PB563484,2008-08-02:13:30:47,양품,LR-AH32,C0,12.05,2855,53469,28880,2호기,1,1161,56,1160,54,237,1152,891,적용,10,3조
PB563485,2008-08-02:13:30:03,양품,NV-A32,C0,12.05,2950,51747,14440,2호기,2,1181,71,1164,56,254,1152,926,적용,10,1조
PB563486,2008-08-02:13:31:39,양품,LR-AH32,C0,12.05,2855,51765,27960,3호기,1,1172,70,1163,71,252,1153,936,적용,10,3조
PB563487,2008-08-02:13:31:03,불량,LR-AH32,C0,12.05,2855,51765,27960,3호기,2,1180,65,1162,65,255,1152,878,미적용,10,1조
PB563488,2008-08-02:13:31:36,양품,GL-A32,C0,12.05,2835,54816,14700,1호기,1,1177,60,1163,65,251,1157,887,적용,10,1조
PB563489,2008-08-02:13:31:03,양품,LR-AH32,C0,12.05,2855,52321,28260,1호기,2,1159,54,1156,74,252,1144,894,적용,10,3조
PB563490,2008-08-02:13:33:09,양품,LR-AH32,C0,12.05,2855,52913,28580,2호기,1,1160,60,1159,77,262,1146,894,적용,10,2조
PB563491,2008-08-02:13:33:44,양품,LR-AH32,C0,12.05,2855,53284,28780,2호기,2,1160,69,1160,65,231,1148,888,적용,10,4조
PB563492,2008-08-02:13:32:27,양품,LR-AH32,C0,12.05,2855,52913,28580,3호기,1,1185,79,1163,58,249,1154,902,적용,10,2조
PB563493,2008-08-02:13:32:00,양품,NV-A32,C0,12.56,2858,51457,14500,3호기,2,1174,65,1168,58,249,1153,908,적용,10,2조
PB563494,2008-08-02:13:33:26,양품,NV-A32,C0,12.05,3088,50530,14760,1호기,1,1183,66,1166,68,257,1159,896,적용,10,4조
PB563495,2008-08-02:13:33:52,양품,NV-A32,C0,12.05,3018,50056,14290,1호기,2,1173,55,1164,78,259,1152,891,적용,10,2조
PB563496,2008-08-02:13:34:15,양품,LR-AH32,C0,12.05,3185,52244,31480,2호기,1,1184,61,1161,63,262,1153,916,적용,10,3조
PB563497,2008-08-02:13:34:44,양품,LR-AH32,C0,12.05,3095,53763,47220,2호기,2,1174,74,1159,61,238,1146,919,적용,10,2조
PB563498,2008-08-02:13:34:16,양품,LR-AH32,C0,12.05,3095,53763,47220,3호기,1,1179,65,1163,71,242,1154,913,적용,10,1조
PB563499,2008-08-02:13:34:32,양품,LR-A,C0,16.6,3528,32323,14860,3호기,2,1156,65,1160,72,244,1151,938,적용,10,1조
PB563500,2008-08-02:13:35:24,양품,NV-A32,C0,18.11,3260,40586,37620,1호기,1,1174,66,1160,71,240,1148,965,적용,10,3조
PB563501,2008-08-02:14:40:33,양품,LR-A,C0,18.92,3401,41455,20940,1호기,2,1142,55,1151,86,246,1137,948,적용,10,4조
PB563502,2008-08-02:13:35:36,불량,NK-KA,C0,20.14,3580,38639,21870,3호기,1,1172,72,1164,62,245,1155,1005,적용,8,2조
PB563503,2008-08-02:13:35:02,양품,NV-A32,C0,15.08,3212,48233,18340,2호기,1,1150,61,1169,61,238,1160,947,적용,10,1조
PB563504,2008-08-02:14:40:00,양품,NV-A32,C0,16.6,3441,43688,19590,2호기,2,1169,65,1163,77,247,1152,948,적용,10,4조
PB563505,2008-08-02:13:35:19,양품,LR-A,C0,15.59,3363,48740,80240,3호기,2,1179,86,1163,45,243,1154,940,적용,10,2조
PB563506,2008-08-02:14:40:53,양품,GL-A32,C0,16.09,3400,54209,69840,3호기,1,1186,82,1169,45,239,1155,957,적용,10,2조
